1,2016-01-22-46,8.07995587204
2,2016-01-22-46,3.52919316511
3,2016-01-22-46,2.77094149572
4,2016-01-22-46,8.18511530446
5,2016-01-22-46,2.63774198647
6,2016-01-22-46,7.36026388044
7,2016-01-22-46,32.2591516401
8,2016-01-22-46,275.517520036
9,2016-01-22-46,3.75703250582
10,2016-01-22-46,3.9182720919
11,2016-01-22-46,3.85167233727
12,2016-01-22-46,5.82385435748
13,2016-01-22-46,3.9182720919
14,2016-01-22-46,44.5093627649
15,2016-01-22-46,2.77094149572
16,2016-01-22-46,3.9182720919
17,2016-01-22-46,2.63774198647
18,2016-01-22-46,2.60970190964
19,2016-01-22-46,4.83776334737
20,2016-01-22-46,3.75703250582
21,2016-01-22-46,3.52919316511
22,2016-01-22-46,9.47377930256
23,2016-01-22-46,68.3568124504
24,2016-01-22-46,18.5192245628
25,2016-01-22-46,2.70434174109
26,2016-01-22-46,2.77094149572
27,2016-01-22-46,8.79839517311
28,2016-01-22-46,7.98531604059
29,2016-01-22-46,3.75703250582
30,2016-01-22-46,2.77094149572
31,2016-01-22-46,5.6626147714
32,2016-01-22-46,2.77094149572
33,2016-01-22-46,3.78507258265
34,2016-01-22-46,2.60970190964
35,2016-01-22-46,2.60970190964
36,2016-01-22-46,5.8904541121
37,2016-01-22-46,66.4512301848
38,2016-01-22-46,3.85167233727
39,2016-01-22-46,3.43455333366
40,2016-01-22-46,3.75703250582
41,2016-01-22-46,4.74312351592
42,2016-01-22-46,8.05191579521
43,2016-01-22-46,2.77094149572
44,2016-01-22-46,2.77094149572
45,2016-01-22-46,2.60970190964
46,2016-01-22-46,29.7179976134
47,2016-01-22-46,2.40990264576
48,2016-01-22-46,16.5470425425
49,2016-01-22-46,2.57114223184
50,2016-01-22-46,2.77094149572
51,2016-01-22-46,14.991979526
52,2016-01-22-46,2.77094149572
53,2016-01-22-46,2.77094149572
54,2016-01-22-46,2.77094149572
55,2016-01-22-46,2.77094149572
56,2016-01-22-46,2.77094149572
57,2016-01-22-46,2.77094149572
58,2016-01-22-46,2.77094149572
59,2016-01-22-46,10.802255669
60,2016-01-22-46,2.44846232356
61,2016-01-22-46,2.77094149572
62,2016-01-22-46,5.06560268808
63,2016-01-22-46,3.9182720919
64,2016-01-22-46,2.77094149572
65,2016-01-22-46,2.77094149572
66,2016-01-22-46,3.9182720919
1,2016-01-22-58,12.8018922663
2,2016-01-22-58,0.381054972148
3,2016-01-22-58,0.816827469389
4,2016-01-22-58,69.2937001814
5,2016-01-22-58,3.43396783391
6,2016-01-22-58,35.2306015749
7,2016-01-22-58,8.05007760492
8,2016-01-22-58,153.406695653
9,2016-01-22-58,3.4701418034
10,2016-01-22-58,11.0762030804
11,2016-01-22-58,1.68962515441
12,2016-01-22-58,0.463922512098
13,2016-01-22-58,6.4669745115
14,2016-01-22-58,7.62369169088
15,2016-01-22-58,0.542294558227
16,2016-01-22-58,10.8378441387
17,2016-01-22-58,2.63715648671
18,2016-01-22-58,7.35967838069
19,2016-01-22-58,0.314455217524
20,2016-01-22-58,4.52283256813
21,2016-01-22-58,0.978067055468
22,2016-01-22-58,5.52757707186
23,2016-01-22-58,113.157289491
24,2016-01-22-58,96.0513569634
25,2016-01-22-58,43.1275832211
26,2016-01-22-58,82.2029079776
27,2016-01-22-58,7.69603962987
28,2016-01-22-58,6.38985515591
29,2016-01-22-58,7.32925259555
30,2016-01-22-58,5.13161694295
31,2016-01-22-58,7.10379896316
32,2016-01-22-58,0.21981538607
33,2016-01-22-58,0.314455217524
34,2016-01-22-58,0.475694803603
35,2016-01-22-58,1.07270688692
36,2016-01-22-58,3.98428634677
37,2016-01-22-58,350.804597926
38,2016-01-22-58,-0.361048584699
39,2016-01-22-58,3.7844870829
40,2016-01-22-58,3.71788732827
41,2016-01-22-58,15.5323259559
42,2016-01-22-58,3.88726080701
43,2016-01-22-58,0.381054972148
44,2016-01-22-58,2.35323699235
45,2016-01-22-58,0.542294558227
46,2016-01-22-58,116.705021885
47,2016-01-22-58,3.93634008577
48,2016-01-22-58,10.3821654573
49,2016-01-22-58,1.36714598225
50,2016-01-22-58,0.542294558227
51,2016-01-22-58,7.15624071797
52,2016-01-22-58,3.98428634677
53,2016-01-22-58,13.4817718895
54,2016-01-22-58,1.4617858137
55,2016-01-22-58,1.4617858137
56,2016-01-22-58,1.68962515441
57,2016-01-22-58,3.93634008577
58,2016-01-22-58,5.13161694295
59,2016-01-22-58,0.542294558227
60,2016-01-22-58,0.542294558227
61,2016-01-22-58,1.52838556833
62,2016-01-22-58,0.381054972148
63,2016-01-22-58,0.381054972148
64,2016-01-22-58,0.21981538607
65,2016-01-22-58,4.54273875229
66,2016-01-22-58,0.475694803603
1,2016-01-22-70,0.588988128685
2,2016-01-22-70,0.21981538607
3,2016-01-22-70,0.171869125073
4,2016-01-22-70,7.2158395977
5,2016-01-22-70,1.52838556833
6,2016-01-22-70,20.9464997646
7,2016-01-22-70,5.17831051341
8,2016-01-22-70,56.3313497854
9,2016-01-22-70,1.68962515441
10,2016-01-22-70,1.68962515441
11,2016-01-22-70,1.62302539978
12,2016-01-22-70,1.16734671838
13,2016-01-22-70,0.409095048978
14,2016-01-22-70,-0.179783141679
15,2016-01-22-70,0.542294558227
16,2016-01-22-70,1.186000212
17,2016-01-22-70,-0.397102881417
18,2016-01-22-70,1.80291847949
19,2016-01-22-70,3.36736807928
20,2016-01-22-70,4.19221950331
21,2016-01-22-70,1.52838556833
22,2016-01-22-70,14.5824089153
23,2016-01-22-70,58.1233628031
24,2016-01-22-70,64.9289743341
25,2016-01-22-70,2.82518345908
26,2016-01-22-70,6.38172126325
27,2016-01-22-70,8.23935726783
28,2016-01-22-70,4.82427253835
29,2016-01-22-70,13.3485723803
30,2016-01-22-70,1.52838556833
31,2016-01-22-70,9.0269017046
32,2016-01-22-70,1.68962515441
33,2016-01-22-70,1.63115929245
34,2016-01-22-70,3.43396783391
35,2016-01-22-70,0.542294558227
36,2016-01-22-70,1.62302539978
37,2016-01-22-70,28.4425105198
38,2016-01-22-70,3.83118065335
39,2016-01-22-70,0.475694803603
40,2016-01-22-70,2.77035599596
41,2016-01-22-70,6.16440152351
42,2016-01-22-70,15.2915813059
43,2016-01-22-70,2.28663723773
44,2016-01-22-70,0.542294558227
45,2016-01-22-70,1.30054622763
46,2016-01-22-70,38.9309781621
47,2016-01-22-70,4.10332785621
48,2016-01-22-70,6.32564110959
49,2016-01-22-70,1.26198654983
50,2016-01-22-70,0.0200161221951
51,2016-01-22-70,10.050299702
52,2016-01-22-70,0.21981538607
53,2016-01-22-70,4.69459175517
54,2016-01-22-70,0.475694803603
55,2016-01-22-70,2.83695575059
56,2016-01-22-70,1.62302539978
57,2016-01-22-70,1.4617858137
58,2016-01-22-70,1.68962515441
59,2016-01-22-70,0.542294558227
60,2016-01-22-70,1.68962515441
61,2016-01-22-70,0.542294558227
62,2016-01-22-70,1.68962515441
63,2016-01-22-70,0.542294558227
64,2016-01-22-70,1.52838556833
65,2016-01-22-70,0.542294558227
66,2016-01-22-70,0.381054972148
1,2016-01-22-82,5.72862902627
2,2016-01-22-82,1.52838556833
3,2016-01-22-82,1.62302539978
4,2016-01-22-82,12.4966576472
5,2016-01-22-82,0.475694803603
6,2016-01-22-82,15.7098333273
7,2016-01-22-82,52.919627532
8,2016-01-22-82,98.8528493242
9,2016-01-22-82,3.2061284932
10,2016-01-22-82,2.54251665526
11,2016-01-22-82,3.85108683752
12,2016-01-22-82,8.80958196486
13,2016-01-22-82,1.36714598225
14,2016-01-22-82,1.12878704058
15,2016-01-22-82,0.381054972148
16,2016-01-22-82,7.35967838069
17,2016-01-22-82,0.475694803603
18,2016-01-22-82,8.14597012692
19,2016-01-22-82,-0.207823218509
20,2016-01-22-82,4.95047117271
21,2016-01-22-82,3.66994106727
22,2016-01-22-82,15.0766472745
23,2016-01-22-82,22.0983258546
24,2016-01-22-82,53.3925873437
25,2016-01-22-82,0.0200161221951
26,2016-01-22-82,11.7848602027
27,2016-01-22-82,13.3205323035
28,2016-01-22-82,2.61725030255
29,2016-01-22-82,5.24491026803
30,2016-01-22-82,0.542294558227
31,2016-01-22-82,0.0200161221951
32,2016-01-22-82,0.542294558227
33,2016-01-22-82,9.42650023235
34,2016-01-22-82,0.475694803603
35,2016-01-22-82,8.93914307527
36,2016-01-22-82,2.83695575059
37,2016-01-22-82,83.2576719506
38,2016-01-22-82,1.52838556833
39,2016-01-22-82,0.21981538607
40,2016-01-22-82,2.63715648671
41,2016-01-22-82,-0.179783141679
42,2016-01-22-82,3.62324749682
43,2016-01-22-82,0.314455217524
44,2016-01-22-82,0.475694803603
45,2016-01-22-82,8.04194371226
46,2016-01-22-82,1.33672019712
47,2016-01-22-82,3.94208827013
48,2016-01-22-82,8.35151757515
49,2016-01-22-82,0.542294558227
50,2016-01-22-82,0.409095048978
51,2016-01-22-82,5.27631282092
52,2016-01-22-82,0.542294558227
53,2016-01-22-82,3.0168488303
54,2016-01-22-82,0.542294558227
55,2016-01-22-82,0.542294558227
56,2016-01-22-82,0.542294558227
57,2016-01-22-82,0.475694803603
58,2016-01-22-82,7.10379896316
59,2016-01-22-82,0.21981538607
60,2016-01-22-82,1.13930664155
61,2016-01-22-82,1.68962515441
62,2016-01-22-82,0.542294558227
63,2016-01-22-82,0.542294558227
64,2016-01-22-82,0.542294558227
65,2016-01-22-82,1.86951823412
66,2016-01-22-82,0.542294558227
1,2016-01-22-94,3.19560889224
2,2016-01-22-94,1.4617858137
3,2016-01-22-94,1.68962515441
4,2016-01-22-94,8.11554434178
5,2016-01-22-94,0.381054972148
6,2016-01-22-94,3.59520741999
7,2016-01-22-94,143.121011347
8,2016-01-22-94,106.041054175
9,2016-01-22-94,3.68984725144
10,2016-01-22-94,1.233946473
11,2016-01-22-94,2.44787682381
12,2016-01-22-94,4.54273875229
13,2016-01-22-94,0.542294558227
14,2016-01-22-94,6.05685638279
15,2016-01-22-94,0.381054972148
16,2016-01-22-94,2.83695575059
17,2016-01-22-94,0.275895539728
18,2016-01-22-94,3.59520741999
19,2016-01-22-94,1.16734671838
20,2016-01-22-94,5.33955009949
21,2016-01-22-94,2.24807755993
22,2016-01-22-94,15.3849684468
23,2016-01-22-94,37.4036792995
24,2016-01-22-94,13.0821733618
25,2016-01-22-94,1.4617858137
26,2016-01-22-94,10.3727788741
27,2016-01-22-94,14.5368483626
28,2016-01-22-94,7.52905185943
29,2016-01-22-94,1.52838556833
30,2016-01-22-94,0.542294558227
31,2016-01-22-94,2.04827829606
32,2016-01-22-94,0.314455217524
33,2016-01-22-94,-0.00802395463423
34,2016-01-22-94,1.68962515441
35,2016-01-22-94,2.47591690064
36,2016-01-22-94,2.77035599596
37,2016-01-22-94,55.6475558405
38,2016-01-22-94,1.55642564516
39,2016-01-22-94,1.62302539978
40,2016-01-22-94,0.381054972148
41,2016-01-22-94,3.98428634677
42,2016-01-22-94,2.83695575059
43,2016-01-22-94,2.70375624134
44,2016-01-22-94,1.68962515441
45,2016-01-22-94,1.36714598225
46,2016-01-22-94,2.22817137577
47,2016-01-22-94,0.567948926753
48,2016-01-22-94,111.496449293
49,2016-01-22-94,1.62302539978
50,2016-01-22-94,0.181255708274
51,2016-01-22-94,100.420937323
52,2016-01-22-94,0.542294558227
53,2016-01-22-94,0.475694803603
54,2016-01-22-94,0.381054972148
55,2016-01-22-94,0.542294558227
56,2016-01-22-94,0.381054972148
57,2016-01-22-94,2.77035599596
58,2016-01-22-94,1.96415806557
59,2016-01-22-94,0.381054972148
60,2016-01-22-94,0.542294558227
61,2016-01-22-94,0.542294558227
62,2016-01-22-94,0.542294558227
63,2016-01-22-94,0.409095048978
64,2016-01-22-94,0.542294558227
65,2016-01-22-94,0.409095048978
66,2016-01-22-94,0.542294558227
1,2016-01-22-106,1.43748304879
2,2016-01-22-106,1.24945607642
3,2016-01-22-106,6.80621597762
4,2016-01-22-106,15.0454633074
5,2016-01-22-106,1.06956299671
6,2016-01-22-106,1.04152291988
7,2016-01-22-106,694.152010169
8,2016-01-22-106,292.501763604
9,2016-01-22-106,4.28371544455
10,2016-01-22-106,1.20276250596
11,2016-01-22-106,3.10834477154
12,2016-01-22-106,11.1278866533
13,2016-01-22-106,2.35009310214
14,2016-01-22-106,66.7566790622
15,2016-01-22-106,1.20276250596
16,2016-01-22-106,2.18885351606
17,2016-01-22-106,2.28349334752
18,2016-01-22-106,2.68070616696
19,2016-01-22-106,6.00001804722
20,2016-01-22-106,15.9544349619
21,2016-01-22-106,8.41735914787
22,2016-01-22-106,24.6339502828
23,2016-01-22-106,186.431138254
24,2016-01-22-106,3.73339693169
25,2016-01-22-106,1.86637434391
26,2016-01-22-106,46.5257616562
27,2016-01-22-106,17.5071122702
28,2016-01-22-106,27.3036520749
29,2016-01-22-106,7.89508071184
30,2016-01-22-106,1.20276250596
31,2016-01-22-106,2.81390567621
32,2016-01-22-106,2.21689359289
33,2016-01-22-106,4.4169149538
34,2016-01-22-106,1.06956299671
35,2016-01-22-106,22.392006768
36,2016-01-22-106,4.02783602702
37,2016-01-22-106,206.821461383
38,2016-01-22-106,2.35009310214
39,2016-01-22-106,1.06956299671
40,2016-01-22-106,0.775123901384
41,2016-01-22-106,2.35009310214
42,2016-01-22-106,5.54433936582
43,2016-01-22-106,6.93941548687
44,2016-01-22-106,3.29762443445
45,2016-01-22-106,1.00296324209
46,2016-01-22-106,10.2364354747
47,2016-01-22-106,2.02761392999
48,2016-01-22-106,394.723805013
49,2016-01-22-106,1.06956299671
50,2016-01-22-106,1.20276250596
51,2016-01-22-106,922.495029736
52,2016-01-22-106,1.04152291988
53,2016-01-22-106,9.13705113947
54,2016-01-22-106,0.841723656009
55,2016-01-22-106,1.06956299671
56,2016-01-22-106,0.880283333804
57,2016-01-22-106,1.96101417536
58,2016-01-22-106,1.20276250596
59,2016-01-22-106,1.20276250596
60,2016-01-22-106,1.20276250596
61,2016-01-22-106,1.04152291988
62,2016-01-22-106,3.4308239437
63,2016-01-22-106,-0.336032725305
64,2016-01-22-106,0.880283333804
65,2016-01-22-106,1.04152291988
66,2016-01-22-106,1.85585474294
1,2016-01-22-118,7.69029144551
2,2016-01-22-118,4.97037735687
3,2016-01-22-118,1.48982589053
4,2016-01-22-118,14.8357829517
5,2016-01-22-118,0.475694803603
6,2016-01-22-118,0.314455217524
7,2016-01-22-118,32.9544376261
8,2016-01-22-118,14.8976112897
9,2016-01-22-118,3.59520741999
10,2016-01-22-118,0.542294558227
11,2016-01-22-118,1.62302539978
12,2016-01-22-118,7.59565161405
13,2016-01-22-118,1.68962515441
14,2016-01-22-118,5.86996242818
15,2016-01-22-118,8.57360873149
16,2016-01-22-118,1.68962515441
17,2016-01-22-118,0.21981538607
18,2016-01-22-118,0.542294558227
19,2016-01-22-118,2.38127706918
20,2016-01-22-118,10.1823661934
21,2016-01-22-118,3.36736807928
22,2016-01-22-118,29.3422152639
23,2016-01-22-118,6.06499027545
24,2016-01-22-118,-0.312982650929
25,2016-01-22-118,2.70375624134
26,2016-01-22-118,110.637138089
27,2016-01-22-118,4.4562328135
28,2016-01-22-118,11.2338042676
29,2016-01-22-118,0.314455217524
30,2016-01-22-118,0.542294558227
31,2016-01-22-118,4.74253801617
32,2016-01-22-118,0.381054972148
33,2016-01-22-118,1.55642564516
34,2016-01-22-118,0.542294558227
35,2016-01-22-118,8.62366477801
36,2016-01-22-118,2.60911640989
37,2016-01-22-118,6.72285392903
38,2016-01-22-118,0.475694803603
39,2016-01-22-118,-0.65298229895
40,2016-01-22-118,0.542294558227
41,2016-01-22-118,0.21981538607
42,2016-01-22-118,3.52860766536
43,2016-01-22-118,2.54251665526
44,2016-01-22-118,0.542294558227
45,2016-01-22-118,0.542294558227
46,2016-01-22-118,0.150829923141
47,2016-01-22-118,0.542294558227
48,2016-01-22-118,21.2677262462
49,2016-01-22-118,0.542294558227
50,2016-01-22-118,0.542294558227
51,2016-01-22-118,82.8363333759
52,2016-01-22-118,0.342495294353
53,2016-01-22-118,3.46200791074
54,2016-01-22-118,0.247855462899
55,2016-01-22-118,0.542294558227
56,2016-01-22-118,0.409095048978
57,2016-01-22-118,0.542294558227
58,2016-01-22-118,0.21981538607
59,2016-01-22-118,1.52838556833
60,2016-01-22-118,1.68962515441
61,2016-01-22-118,0.542294558227
62,2016-01-22-118,3.62324749682
63,2016-01-22-118,0.542294558227
64,2016-01-22-118,0.542294558227
65,2016-01-22-118,0.542294558227
66,2016-01-22-118,1.68962515441
1,2016-01-22-130,7.05346699385
2,2016-01-22-130,3.82304676069
3,2016-01-22-130,0.542294558227
4,2016-01-22-130,0.065457002114
5,2016-01-22-130,0.21981538607
6,2016-01-22-130,0.409095048978
7,2016-01-22-130,152.839611278
8,2016-01-22-130,171.428048865
9,2016-01-22-130,0.142696030478
10,2016-01-22-130,0.475694803603
11,2016-01-22-130,1.26198654983
12,2016-01-22-130,8.99886162777
13,2016-01-22-130,1.52838556833
14,2016-01-22-130,10.8598601084
15,2016-01-22-130,0.542294558227
16,2016-01-22-130,0.542294558227
17,2016-01-22-130,0.21981538607
18,2016-01-22-130,0.542294558227
19,2016-01-22-130,3.39540815611
20,2016-01-22-130,2.57857095198
21,2016-01-22-130,7.82349095476
22,2016-01-22-130,11.2302855416
23,2016-01-22-130,105.608128886
24,2016-01-22-130,4.03097991723
25,2016-01-22-130,1.30054622763
26,2016-01-22-130,5.69006934847
27,2016-01-22-130,0.389188864811
28,2016-01-22-130,150.229195866
29,2016-01-22-130,1.36714598225
30,2016-01-22-130,1.4617858137
31,2016-01-22-130,-0.491742712871
32,2016-01-22-130,0.381054972148
33,2016-01-22-130,0.247855462899
34,2016-01-22-130,0.475694803603
35,2016-01-22-130,2.60911640989
36,2016-01-22-130,0.542294558227
37,2016-01-22-130,29.1236428336
38,2016-01-22-130,6.11770795305
39,2016-01-22-130,2.79714338226
40,2016-01-22-130,0.542294558227
41,2016-01-22-130,0.314455217524
42,2016-01-22-130,3.13952873858
43,2016-01-22-130,0.0866158768199
44,2016-01-22-130,0.153215631445
45,2016-01-22-130,1.68962515441
46,2016-01-22-130,8.46719660853
47,2016-01-22-130,1.20590639617
48,2016-01-22-130,164.951575554
49,2016-01-22-130,1.62302539978
50,2016-01-22-130,0.542294558227
51,2016-01-22-130,721.969352218
52,2016-01-22-130,0.542294558227
53,2016-01-22-130,2.77035599596
54,2016-01-22-130,0.21981538607
55,2016-01-22-130,0.542294558227
56,2016-01-22-130,4.9984174337
57,2016-01-22-130,0.542294558227
58,2016-01-22-130,1.68962515441
59,2016-01-22-130,3.46200791074
60,2016-01-22-130,4.80913777079
61,2016-01-22-130,0.542294558227
62,2016-01-22-130,4.97037735687
63,2016-01-22-130,0.542294558227
64,2016-01-22-130,2.70375624134
65,2016-01-22-130,0.21981538607
66,2016-01-22-130,0.542294558227
1,2016-01-22-142,12.7819860821
2,2016-01-22-142,3.52860766536
3,2016-01-22-142,0.314455217524
4,2016-01-22-142,1.13930664155
5,2016-01-22-142,0.542294558227
6,2016-01-22-142,0.542294558227
7,2016-01-22-142,3.08919676928
8,2016-01-22-142,13.5016780737
9,2016-01-22-142,2.44787682381
10,2016-01-22-142,2.83695575059
11,2016-01-22-142,0.475694803603
12,2016-01-22-142,21.7888716645
13,2016-01-22-142,2.44787682381
14,2016-01-22-142,9.03503559726
15,2016-01-22-142,0.542294558227
16,2016-01-22-142,1.68962515441
17,2016-01-22-142,2.67571616451
18,2016-01-22-142,4.51469867546
19,2016-01-22-142,2.35323699235
20,2016-01-22-142,2.76797028766
21,2016-01-22-142,3.33932800245
22,2016-01-22-142,24.53682583
23,2016-01-22-142,21.3120341084
24,2016-01-22-142,2.15343772848
25,2016-01-22-142,1.233946473
26,2016-01-22-142,4.80913777079
27,2016-01-22-142,7.66225136868
28,2016-01-22-142,24.4957607711
29,2016-01-22-142,-0.169263540713
30,2016-01-22-142,1.68962515441
31,2016-01-22-142,5.13161694295
32,2016-01-22-142,1.30054622763
33,2016-01-22-142,2.67571616451
34,2016-01-22-142,1.68962515441
35,2016-01-22-142,1.62302539978
36,2016-01-22-142,1.68962515441
37,2016-01-22-142,8.78154188803
38,2016-01-22-142,0.542294558227
39,2016-01-22-142,2.14291812751
40,2016-01-22-142,5.06501718833
41,2016-01-22-142,0.153215631445
42,2016-01-22-142,56.0893524449
43,2016-01-22-142,0.475694803603
44,2016-01-22-142,0.475694803603
45,2016-01-22-142,0.409095048978
46,2016-01-22-142,3.86974033115
47,2016-01-22-142,2.35323699235
48,2016-01-22-142,46.7389484884
49,2016-01-22-142,0.542294558227
50,2016-01-22-142,0.475694803603
51,2016-01-22-142,277.27799925
52,2016-01-22-142,0.542294558227
53,2016-01-22-142,0.542294558227
54,2016-01-22-142,1.52838556833
55,2016-01-22-142,0.542294558227
56,2016-01-22-142,1.68962515441
57,2016-01-22-142,0.542294558227
58,2016-01-22-142,1.52838556833
59,2016-01-22-142,1.52838556833
60,2016-01-22-142,0.542294558227
61,2016-01-22-142,0.542294558227
62,2016-01-22-142,2.83695575059
63,2016-01-22-142,0.542294558227
64,2016-01-22-142,0.381054972148
65,2016-01-22-142,0.542294558227
66,2016-01-22-142,1.62302539978
1,2016-01-24-58,-0.159296046331
2,2016-01-24-58,0.240302481418
3,2016-01-24-58,1.09319398227
4,2016-01-24-58,0.0381175092392
5,2016-01-24-58,0.401542067497
6,2016-01-24-58,13.580631031
7,2016-01-24-58,24.0280336144
8,2016-01-24-58,51.1405854664
9,2016-01-24-58,1.8409260507
10,2016-01-24-58,1.06515390544
11,2016-01-24-58,-0.32053563241
12,2016-01-24-58,0.837314564737
13,2016-01-24-58,1.06515390544
14,2016-01-24-58,10.5358520619
15,2016-01-24-58,0.401542067497
16,2016-01-24-58,0.401542067497
17,2016-01-24-58,0.401542067497
18,2016-01-24-58,3.68229426996
19,2016-01-24-58,-0.120736368536
20,2016-01-24-58,5.38807727167
21,2016-01-24-58,2.69620325986
22,2016-01-24-58,12.8410328552
23,2016-01-24-58,49.4674577081
24,2016-01-24-58,79.0844915407
25,2016-01-24-58,0.201742803622
26,2016-01-24-58,5.84375595307
27,2016-01-24-58,15.9476401624
28,2016-01-24-58,0.570915546238
29,2016-01-24-58,17.6862346575
30,2016-01-24-58,0.401542067497
31,2016-01-24-58,10.7742110036
32,2016-01-24-58,0.401542067497
33,2016-01-24-58,0.0405032175433
34,2016-01-24-58,1.3490733998
35,2016-01-24-58,3.61569451534
36,2016-01-24-58,1.54887266368
37,2016-01-24-58,34.547664464
38,2016-01-24-58,1.59556623414
39,2016-01-24-58,0.676074978658
40,2016-01-24-58,3.71033434679
41,2016-01-24-58,8.36625648614
42,2016-01-24-58,16.7001436474
43,2016-01-24-58,1.54887266368
44,2016-01-24-58,0.334942312872
45,2016-01-24-58,1.3876330776
46,2016-01-24-58,65.5993108631
47,2016-01-24-58,-0.0950820000104
48,2016-01-24-58,6.8485004568
49,2016-01-24-58,6.37416828177
50,2016-01-24-58,1.32103332297
51,2016-01-24-58,11.7217423359
52,2016-01-24-58,0.334942312872
53,2016-01-24-58,4.99086445222
54,2016-01-24-58,0.401542067497
55,2016-01-24-58,0.401542067497
56,2016-01-24-58,2.53496367378
57,2016-01-24-58,0.334942312872
58,2016-01-24-58,-0.0460027212487
59,2016-01-24-58,0.240302481418
60,2016-01-24-58,0.334942312872
61,2016-01-24-58,0.173702726793
62,2016-01-24-58,0.240302481418
63,2016-01-24-58,0.401542067497
64,2016-01-24-58,1.54887266368
65,2016-01-24-58,3.84353385604
66,2016-01-24-58,0.401542067497
1,2016-01-24-70,7.3497396909
2,2016-01-24-70,0.401542067497
3,2016-01-24-70,-0.281975954615
4,2016-01-24-70,5.69065025966
5,2016-01-24-70,3.37733557367
6,2016-01-24-70,10.2998788285
7,2016-01-24-70,15.5211345755
8,2016-01-24-70,83.2340074338
9,2016-01-24-70,7.94913748253
10,2016-01-24-70,0.401542067497
11,2016-01-24-70,3.84353385604
12,2016-01-24-70,11.3525695933
13,2016-01-24-70,4.44054593936
14,2016-01-24-70,28.5402366435
15,2016-01-24-70,0.401542067497
16,2016-01-24-70,3.32125542001
17,2016-01-24-70,2.56300375061
18,2016-01-24-70,3.38785517463
19,2016-01-24-70,3.32125542001
20,2016-01-24-70,21.5055330813
21,2016-01-24-70,4.46858601619
22,2016-01-24-70,11.7088370266
23,2016-01-24-70,63.4084367399
24,2016-01-24-70,80.4640372987
25,2016-01-24-70,0.0790628953388
26,2016-01-24-70,35.7197923337
27,2016-01-24-70,23.4205019301
28,2016-01-24-70,15.8273459624
29,2016-01-24-70,13.6553646783
30,2016-01-24-70,4.30734643011
31,2016-01-24-70,0.0766771870348
32,2016-01-24-70,0.135143048997
33,2016-01-24-70,1.09319398227
34,2016-01-24-70,2.9041364164
35,2016-01-24-70,-0.18733612316
36,2016-01-24-70,1.3876330776
37,2016-01-24-70,152.714887227
38,2016-01-24-70,7.6546983872
39,2016-01-24-70,2.3737240877
40,2016-01-24-70,3.68229426996
41,2016-01-24-70,5.61591661237
42,2016-01-24-70,6.25962226615
43,2016-01-24-70,-0.0821766907401
44,2016-01-24-70,0.334942312872
45,2016-01-24-70,3.40650866826
46,2016-01-24-70,108.820632787
47,2016-01-24-70,4.23022707452
48,2016-01-24-70,6.01312943181
49,2016-01-24-70,0.401542067497
50,2016-01-24-70,2.30712433308
51,2016-01-24-70,7.36839318453
52,2016-01-24-70,0.201742803622
53,2016-01-24-70,3.68229426996
54,2016-01-24-70,-0.243416276819
55,2016-01-24-70,2.69620325986
56,2016-01-24-70,2.30712433308
57,2016-01-24-70,0.401542067497
58,2016-01-24-70,0.921434795225
59,2016-01-24-70,0.903914319362
60,2016-01-24-70,1.25443356835
61,2016-01-24-70,0.401542067497
62,2016-01-24-70,1.20648730735
63,2016-01-24-70,0.401542067497
64,2016-01-24-70,0.401542067497
65,2016-01-24-70,1.48227290905
66,2016-01-24-70,1.54887266368
1,2016-01-24-82,2.30473862477
2,2016-01-24-82,0.0790628953388
3,2016-01-24-82,0.334942312872
4,2016-01-24-82,5.47094481161
5,2016-01-24-82,2.53496367378
6,2016-01-24-82,1.23452738418
7,2016-01-24-82,16.0515469042
8,2016-01-24-82,41.7343407018
9,2016-01-24-82,0.0405032175433
10,2016-01-24-82,0.201742803622
11,2016-01-24-82,2.46836391915
12,2016-01-24-82,4.69642535689
13,2016-01-24-82,0.107102972168
14,2016-01-24-82,2.24865847111
15,2016-01-24-82,0.401542067497
16,2016-01-24-82,0.334942312872
17,2016-01-24-82,0.401542067497
18,2016-01-24-82,1.48227290905
19,2016-01-24-82,2.26856465528
20,2016-01-24-82,0.732155132317
21,2016-01-24-82,2.62960350523
22,2016-01-24-82,4.69278695805
23,2016-01-24-82,24.8143253606
24,2016-01-24-82,13.4788340746
25,2016-01-24-82,1.06515390544
26,2016-01-24-82,4.96857255975
27,2016-01-24-82,15.5971209134
28,2016-01-24-82,5.89044952353
29,2016-01-24-82,7.33221921504
30,2016-01-24-82,0.401542067497
31,2016-01-24-82,4.82962486614
32,2016-01-24-82,0.173702726793
33,2016-01-24-82,1.54887266368
34,2016-01-24-82,1.91804540629
35,2016-01-24-82,0.268342558247
36,2016-01-24-82,0.012463140714
37,2016-01-24-82,42.8488598046
38,2016-01-24-82,3.45445492926
39,2016-01-24-82,0.334942312872
40,2016-01-24-82,2.36320448673
41,2016-01-24-82,0.401542067497
42,2016-01-24-82,2.56300375061
43,2016-01-24-82,2.69620325986
44,2016-01-24-82,0.334942312872
45,2016-01-24-82,4.99899834488
46,2016-01-24-82,31.8769493269
47,2016-01-24-82,4.14610684403
48,2016-01-24-82,15.1251744466
49,2016-01-24-82,0.240302481418
50,2016-01-24-82,0.401542067497
51,2016-01-24-82,11.6913165508
52,2016-01-24-82,-0.243416276819
53,2016-01-24-82,0.334942312872
54,2016-01-24-82,1.48227290905
55,2016-01-24-82,0.401542067497
56,2016-01-24-82,0.334942312872
57,2016-01-24-82,0.334942312872
58,2016-01-24-82,1.28247364518
59,2016-01-24-82,3.77693410141
60,2016-01-24-82,0.240302481418
61,2016-01-24-82,0.268342558247
62,2016-01-24-82,0.704115055487
63,2016-01-24-82,2.69620325986
64,2016-01-24-82,2.145884747
65,2016-01-24-82,1.3876330776
66,2016-01-24-82,0.334942312872
1,2016-01-24-94,7.81593797328
2,2016-01-24-94,1.3876330776
3,2016-01-24-94,0.240302481418
4,2016-01-24-94,1.8794857285
5,2016-01-24-94,1.48227290905
6,2016-01-24-94,0.931954396191
7,2016-01-24-94,4.90435851343
8,2016-01-24-94,11.5686366425
9,2016-01-24-94,-0.0541366139108
10,2016-01-24-94,2.46836391915
11,2016-01-24-94,0.173702726793
12,2016-01-24-94,2.47649781182
13,2016-01-24-94,0.201742803622
14,2016-01-24-94,6.60200762247
15,2016-01-24-94,1.3876330776
16,2016-01-24-94,0.0790628953388
17,2016-01-24-94,0.401542067497
18,2016-01-24-94,0.334942312872
19,2016-01-24-94,0.998554150816
20,2016-01-24-94,6.8964467178
21,2016-01-24-94,1.15979373689
22,2016-01-24-94,13.3340185239
23,2016-01-24-94,7.25384716891
24,2016-01-24-94,3.48249500609
25,2016-01-24-94,-0.21537619999
26,2016-01-24-94,3.38785517463
27,2016-01-24-94,19.0789250702
28,2016-01-24-94,6.0902487874
29,2016-01-24-94,1.32103332297
30,2016-01-24-94,1.15979373689
31,2016-01-24-94,0.998554150816
32,2016-01-24-94,0.334942312872
33,2016-01-24-94,0.240302481418
34,2016-01-24-94,0.931954396191
35,2016-01-24-94,0.401542067497
36,2016-01-24-94,3.54909476071
37,2016-01-24-94,5.25487776242
38,2016-01-24-94,1.32103332297
39,2016-01-24-94,0.401542067497
40,2016-01-24-94,1.3876330776
41,2016-01-24-94,1.54887266368
42,2016-01-24-94,2.69381755155
43,2016-01-24-94,0.173702726793
44,2016-01-24-94,0.334942312872
45,2016-01-24-94,0.268342558247
46,2016-01-24-94,1.3490733998
47,2016-01-24-94,1.25443356835
48,2016-01-24-94,12.1083158816
49,2016-01-24-94,0.334942312872
50,2016-01-24-94,0.401542067497
51,2016-01-24-94,9.07417618624
52,2016-01-24-94,0.401542067497
53,2016-01-24-94,0.334942312872
54,2016-01-24-94,1.54887266368
55,2016-01-24-94,0.401542067497
56,2016-01-24-94,0.0790628953388
57,2016-01-24-94,0.401542067497
58,2016-01-24-94,1.91804540629
59,2016-01-24-94,0.0790628953388
60,2016-01-24-94,0.334942312872
61,2016-01-24-94,0.268342558247
62,2016-01-24-94,0.334942312872
63,2016-01-24-94,0.401542067497
64,2016-01-24-94,2.69620325986
65,2016-01-24-94,0.401542067497
66,2016-01-24-94,0.401542067497
1,2016-01-24-106,9.45512122036
2,2016-01-24-106,1.3876330776
3,2016-01-24-106,2.69620325986
4,2016-01-24-106,2.3737240877
5,2016-01-24-106,0.401542067497
6,2016-01-24-106,2.62960350523
7,2016-01-24-106,8.70500344362
8,2016-01-24-106,6.25723655784
9,2016-01-24-106,0.998554150816
10,2016-01-24-106,1.54887266368
11,2016-01-24-106,0.173702726793
12,2016-01-24-106,5.06559809951
13,2016-01-24-106,1.48227290905
14,2016-01-24-106,0.770714810112
15,2016-01-24-106,0.401542067497
16,2016-01-24-106,2.40176416453
17,2016-01-24-106,0.401542067497
18,2016-01-24-106,0.240302481418
19,2016-01-24-106,4.9242646976
20,2016-01-24-106,2.33516440991
21,2016-01-24-106,7.84397805011
22,2016-01-24-106,29.6957011324
23,2016-01-24-106,15.1718680171
24,2016-01-24-106,5.58787653554
25,2016-01-24-106,3.64373459217
26,2016-01-24-106,-0.0541366139108
27,2016-01-24-106,6.77951499387
28,2016-01-24-106,5.25362507188
29,2016-01-24-106,-0.263322460986
30,2016-01-24-106,0.401542067497
31,2016-01-24-106,1.28247364518
32,2016-01-24-106,1.41567315443
33,2016-01-24-106,0.401542067497
34,2016-01-24-106,0.107102972168
35,2016-01-24-106,0.107102972168
36,2016-01-24-106,0.268342558247
37,2016-01-24-106,4.3820800774
38,2016-01-24-106,0.334942312872
39,2016-01-24-106,1.15979373689
40,2016-01-24-106,2.69620325986
41,2016-01-24-106,0.0790628953388
42,2016-01-24-106,5.28291783924
43,2016-01-24-106,0.268342558247
44,2016-01-24-106,1.41567315443
45,2016-01-24-106,0.0790628953388
46,2016-01-24-106,4.27930635328
47,2016-01-24-106,1.32103332297
48,2016-01-24-106,115.910283485
49,2016-01-24-106,0.334942312872
50,2016-01-24-106,0.240302481418
51,2016-01-24-106,37.2852187012
52,2016-01-24-106,0.401542067497
53,2016-01-24-106,0.107102972168
54,2016-01-24-106,1.3876330776
55,2016-01-24-106,0.401542067497
56,2016-01-24-106,0.334942312872
57,2016-01-24-106,0.012463140714
58,2016-01-24-106,0.401542067497
59,2016-01-24-106,0.401542067497
60,2016-01-24-106,0.401542067497
61,2016-01-24-106,0.240302481418
62,2016-01-24-106,6.64056730027
63,2016-01-24-106,0.401542067497
64,2016-01-24-106,0.401542067497
65,2016-01-24-106,0.334942312872
66,2016-01-24-106,0.401542067497
1,2016-01-24-118,12.2720608488
2,2016-01-24-118,0.334942312872
3,2016-01-24-118,0.240302481418
4,2016-01-24-118,4.14610684403
5,2016-01-24-118,0.401542067497
6,2016-01-24-118,0.240302481418
7,2016-01-24-118,9.29388163428
8,2016-01-24-118,3.68917547208
9,2016-01-24-118,4.76302511152
10,2016-01-24-118,3.68229426996
11,2016-01-24-118,0.334942312872
12,2016-01-24-118,4.17414692086
13,2016-01-24-118,0.334942312872
14,2016-01-24-118,6.37416828177
15,2016-01-24-118,0.401542067497
16,2016-01-24-118,1.54887266368
17,2016-01-24-118,0.401542067497
18,2016-01-24-118,0.0790628953388
19,2016-01-24-118,-0.21537619999
20,2016-01-24-118,6.8964467178
21,2016-01-24-118,8.04377731398
22,2016-01-24-118,26.397428454
23,2016-01-24-118,4.17289423032
24,2016-01-24-118,12.5279402663
25,2016-01-24-118,0.240302481418
26,2016-01-24-118,1.3876330776
27,2016-01-24-118,0.976262258345
28,2016-01-24-118,7.63479220303
29,2016-01-24-118,3.54909476071
30,2016-01-24-118,0.401542067497
31,2016-01-24-118,5.18827800779
32,2016-01-24-118,1.54887266368
33,2016-01-24-118,0.240302481418
34,2016-01-24-118,0.401542067497
35,2016-01-24-118,0.135143048997
36,2016-01-24-118,1.3876330776
37,2016-01-24-118,1.74628621925
38,2016-01-24-118,1.54887266368
39,2016-01-24-118,0.240302481418
40,2016-01-24-118,1.32103332297
41,2016-01-24-118,0.334942312872
42,2016-01-24-118,1.29060753784
43,2016-01-24-118,0.401542067497
44,2016-01-24-118,0.401542067497
45,2016-01-24-118,0.401542067497
46,2016-01-24-118,3.06537600247
47,2016-01-24-118,2.97073617102
48,2016-01-24-118,7.29365953724
49,2016-01-24-118,3.84353385604
50,2016-01-24-118,0.401542067497
51,2016-01-24-118,27.5261055566
52,2016-01-24-118,1.54887266368
53,2016-01-24-118,1.32103332297
54,2016-01-24-118,1.3876330776
55,2016-01-24-118,0.401542067497
56,2016-01-24-118,4.30734643011
57,2016-01-24-118,0.334942312872
58,2016-01-24-118,2.53496367378
59,2016-01-24-118,0.401542067497
60,2016-01-24-118,0.401542067497
61,2016-01-24-118,0.173702726793
62,2016-01-24-118,0.401542067497
63,2016-01-24-118,3.38785517463
64,2016-01-24-118,1.48227290905
65,2016-01-24-118,4.82962486614
66,2016-01-24-118,0.334942312872
1,2016-01-24-130,8.18511071589
2,2016-01-24-130,1.54887266368
3,2016-01-24-130,0.401542067497
4,2016-01-24-130,20.3886282703
5,2016-01-24-130,0.401542067497
6,2016-01-24-130,0.401542067497
7,2016-01-24-130,9.5168298856
8,2016-01-24-130,46.8665851289
9,2016-01-24-130,3.61569451534
10,2016-01-24-130,-0.21537619999
11,2016-01-24-130,3.71033434679
12,2016-01-24-130,10.0054397332
13,2016-01-24-130,-0.0926962917064
14,2016-01-24-130,-0.49116180169
15,2016-01-24-130,0.401542067497
16,2016-01-24-130,0.0790628953388
17,2016-01-24-130,1.41567315443
18,2016-01-24-130,2.40176416453
19,2016-01-24-130,7.08572638071
20,2016-01-24-130,2.9041364164
21,2016-01-24-130,2.26856465528
22,2016-01-24-130,15.6227752819
23,2016-01-24-130,148.947173463
24,2016-01-24-130,14.3108426236
25,2016-01-24-130,0.0790628953388
26,2016-01-24-130,2.62960350523
27,2016-01-24-130,3.99413416838
28,2016-01-24-130,14.660109182
29,2016-01-24-130,1.49040680171
30,2016-01-24-130,1.54887266368
31,2016-01-24-130,1.25443356835
32,2016-01-24-130,1.48227290905
33,2016-01-24-130,1.48227290905
34,2016-01-24-130,2.53496367378
35,2016-01-24-130,0.201742803622
36,2016-01-24-130,0.0790628953388
37,2016-01-24-130,8.72001853841
38,2016-01-24-130,0.173702726793
39,2016-01-24-130,6.18488861886
40,2016-01-24-130,6.57396754564
41,2016-01-24-130,8.20501690006
42,2016-01-24-130,7.72129814182
43,2016-01-24-130,6.1381950484
44,2016-01-24-130,0.401542067497
45,2016-01-24-130,0.0790628953388
46,2016-01-24-130,6.14632894106
47,2016-01-24-130,1.54887266368
48,2016-01-24-130,39.3399923386
49,2016-01-24-130,1.32103332297
50,2016-01-24-130,0.107102972168
51,2016-01-24-130,552.03266248
52,2016-01-24-130,0.401542067497
53,2016-01-24-130,1.54887266368
54,2016-01-24-130,0.401542067497
55,2016-01-24-130,0.401542067497
56,2016-01-24-130,6.57396754564
57,2016-01-24-130,0.401542067497
58,2016-01-24-130,-0.21537619999
59,2016-01-24-130,0.240302481418
60,2016-01-24-130,0.401542067497
61,2016-01-24-130,1.54887266368
62,2016-01-24-130,4.76302511152
63,2016-01-24-130,0.401542067497
64,2016-01-24-130,1.54887266368
65,2016-01-24-130,0.334942312872
66,2016-01-24-130,0.240302481418
1,2016-01-24-142,13.6472307856
2,2016-01-24-142,1.48227290905
3,2016-01-24-142,3.84353385604
4,2016-01-24-142,1.15979373689
5,2016-01-24-142,1.3876330776
6,2016-01-24-142,1.54887266368
7,2016-01-24-142,4.94291819122
8,2016-01-24-142,3.75702791725
9,2016-01-24-142,2.69620325986
10,2016-01-24-142,0.401542067497
11,2016-01-24-142,0.401542067497
12,2016-01-24-142,5.45467702629
13,2016-01-24-142,0.173702726793
14,2016-01-24-142,3.42402914412
15,2016-01-24-142,0.334942312872
16,2016-01-24-142,0.240302481418
17,2016-01-24-142,1.54887266368
18,2016-01-24-142,8.81016287604
19,2016-01-24-142,2.30712433308
20,2016-01-24-142,1.8315394675
21,2016-01-24-142,1.22639349152
22,2016-01-24-142,5.98270364668
23,2016-01-24-142,16.8309574483
24,2016-01-24-142,5.67199676603
25,2016-01-24-142,2.97073617102
26,2016-01-24-142,0.401542067497
27,2016-01-24-142,13.7138305403
28,2016-01-24-142,24.3773001728
29,2016-01-24-142,2.69620325986
30,2016-01-24-142,0.201742803622
31,2016-01-24-142,5.92900920133
32,2016-01-24-142,0.401542067497
33,2016-01-24-142,2.69620325986
34,2016-01-24-142,0.334942312872
35,2016-01-24-142,0.173702726793
36,2016-01-24-142,0.401542067497
37,2016-01-24-142,1.85144565167
38,2016-01-24-142,1.3876330776
39,2016-01-24-142,-0.281975954615
40,2016-01-24-142,1.41567315443
41,2016-01-24-142,0.240302481418
42,2016-01-24-142,-0.565895448977
43,2016-01-24-142,3.84353385604
44,2016-01-24-142,0.240302481418
45,2016-01-24-142,0.401542067497
46,2016-01-24-142,2.24052457845
47,2016-01-24-142,1.22639349152
48,2016-01-24-142,13.9835920348
49,2016-01-24-142,0.401542067497
50,2016-01-24-142,0.401542067497
51,2016-01-24-142,35.6084891214
52,2016-01-24-142,0.401542067497
53,2016-01-24-142,3.84353385604
54,2016-01-24-142,2.69620325986
55,2016-01-24-142,4.76302511152
56,2016-01-24-142,0.401542067497
57,2016-01-24-142,0.401542067497
58,2016-01-24-142,0.401542067497
59,2016-01-24-142,2.69620325986
60,2016-01-24-142,0.401542067497
61,2016-01-24-142,0.401542067497
62,2016-01-24-142,1.54887266368
63,2016-01-24-142,0.401542067497
64,2016-01-24-142,1.54887266368
65,2016-01-24-142,0.401542067497
66,2016-01-24-142,0.401542067497
1,2016-01-26-46,2.19719629351
2,2016-01-26-46,2.26379604813
3,2016-01-26-46,2.65287497492
4,2016-01-26-46,14.1261809367
5,2016-01-26-46,2.16915621668
6,2016-01-26-46,9.536858552
7,2016-01-26-46,58.7595182849
8,2016-01-26-46,398.763291002
9,2016-01-26-46,2.42503563421
10,2016-01-26-46,3.8002055711
11,2016-01-26-46,2.68091505175
12,2016-01-26-46,7.61137010226
13,2016-01-26-46,7.24219735964
14,2016-01-26-46,41.7529970049
15,2016-01-26-46,2.81411456099
16,2016-01-26-46,3.47772639894
17,2016-01-26-46,2.58627522029
18,2016-01-26-46,3.96144515718
19,2016-01-26-46,2.74751480637
20,2016-01-26-46,7.04239809577
21,2016-01-26-46,7.01435801894
22,2016-01-26-46,4.70792453507
23,2016-01-26-46,228.512004765
24,2016-01-26-46,26.821551142
25,2016-01-26-46,3.89484540255
26,2016-01-26-46,20.3266464917
27,2016-01-26-46,18.0786788698
28,2016-01-26-46,11.4424408176
29,2016-01-26-46,6.02826700883
30,2016-01-26-46,2.81411456099
31,2016-01-26-46,7.35549068472
32,2016-01-26-46,8.85334052989
33,2016-01-26-46,2.81411456099
34,2016-01-26-46,3.96144515718
35,2016-01-26-46,3.02204771753
36,2016-01-26-46,2.65287497492
37,2016-01-26-46,96.4357866948
38,2016-01-26-46,2.65287497492
39,2016-01-26-46,6.02826700883
40,2016-01-26-46,3.89484540255
41,2016-01-26-46,2.81411456099
42,2016-01-26-46,4.84237673486
43,2016-01-26-46,3.96144515718
44,2016-01-26-46,19.3791151594
45,2016-01-26-46,2.74751480637
46,2016-01-26-46,88.1604850683
47,2016-01-26-46,3.96144515718
48,2016-01-26-46,11.3839749556
49,2016-01-26-46,2.81411456099
50,2016-01-26-46,2.65287497492
51,2016-01-26-46,15.7840176774
52,2016-01-26-46,2.81411456099
53,2016-01-26-46,2.65287497492
54,2016-01-26-46,2.81411456099
55,2016-01-26-46,2.81411456099
56,2016-01-26-46,5.10877575336
57,2016-01-26-46,2.58627522029
58,2016-01-26-46,2.74751480637
59,2016-01-26-46,27.2864967338
60,2016-01-26-46,2.81411456099
61,2016-01-26-46,2.74751480637
62,2016-01-26-46,3.4952468748
63,2016-01-26-46,2.49163538884
64,2016-01-26-46,5.10877575336
65,2016-01-26-46,3.96144515718
66,2016-01-26-46,2.81411456099
1,2016-01-26-58,6.80458667211
2,2016-01-26-58,1.73279821969
3,2016-01-26-58,2.74692930662
4,2016-01-26-58,69.2388709392
5,2016-01-26-58,1.41031904753
6,2016-01-26-58,38.8116589507
7,2016-01-26-58,32.2489018552
8,2016-01-26-58,252.797813291
9,2016-01-26-58,25.6407038799
10,2016-01-26-58,-0.553729080013
11,2016-01-26-58,2.11010485496
12,2016-01-26-58,6.71330931671
13,2016-01-26-58,19.7067570162
14,2016-01-26-58,38.4223041011
15,2016-01-26-58,0.585467623506
16,2016-01-26-58,12.2923611104
17,2016-01-26-58,6.71933342386
18,2016-01-26-58,1.17196010586
19,2016-01-26-58,3.01094261681
20,2016-01-26-58,5.72721830661
21,2016-01-26-58,2.49104988909
22,2016-01-26-58,14.3136224093
23,2016-01-26-58,200.99142305
24,2016-01-26-58,100.156802561
25,2016-01-26-58,33.1926751159
26,2016-01-26-58,39.2948624406
27,2016-01-26-58,13.3450518751
28,2016-01-26-58,-4.5923080297
29,2016-01-26-58,7.57222492471
30,2016-01-26-58,1.30515961511
31,2016-01-26-58,12.4465998216
32,2016-01-26-58,1.07732027441
33,2016-01-26-58,3.22826235655
34,2016-01-26-58,1.73279821969
35,2016-01-26-58,0.291028528178
36,2016-01-26-58,1.3437192929
37,2016-01-26-58,231.629488558
38,2016-01-26-58,11.8671082141
39,2016-01-26-58,1.43835912436
40,2016-01-26-58,2.26321054838
41,2016-01-26-58,14.380222164
42,2016-01-26-58,9.20327427913
43,2016-01-26-58,2.74692930662
44,2016-01-26-58,0.291028528178
45,2016-01-26-58,1.41031904753
46,2016-01-26-58,107.342843858
47,2016-01-26-58,3.74115420938
48,2016-01-26-58,12.8531992242
49,2016-01-26-58,2.8602226317
50,2016-01-26-58,0.424228037427
51,2016-01-26-58,25.2715311372
52,2016-01-26-58,0.585467623506
53,2016-01-26-58,2.54462466167
54,2016-01-26-58,2.74692930662
55,2016-01-26-58,0.262988451348
56,2016-01-26-58,3.6664205621
57,2016-01-26-58,0.262988451348
58,2016-01-26-58,7.08037227381
59,2016-01-26-58,2.88012881587
60,2016-01-26-58,1.57155863361
61,2016-01-26-58,0.585467623506
62,2016-01-26-58,1.59959871044
63,2016-01-26-58,0.585467623506
64,2016-01-26-58,0.518867868881
65,2016-01-26-58,2.39641005763
66,2016-01-26-58,0.585467623506
1,2016-01-26-70,10.1613252124
2,2016-01-26-70,0.319068605007
3,2016-01-26-70,2.35785037984
4,2016-01-26-70,15.9727118406
5,2016-01-26-70,-0.77104881975
6,2016-01-26-70,2.62186369003
7,2016-01-26-70,21.0911938635
8,2016-01-26-70,105.065361314
9,2016-01-26-70,6.56622773044
10,2016-01-26-70,1.57155863361
11,2016-01-26-70,6.17953451196
12,2016-01-26-70,39.4180576172
13,2016-01-26-70,4.6045653112
14,2016-01-26-70,22.4955368949
15,2016-01-26-70,0.585467623506
16,2016-01-26-70,0.518867868881
17,2016-01-26-70,-0.231249907855
18,2016-01-26-70,2.81352906124
19,2016-01-26-70,13.9806236362
20,2016-01-26-70,18.07809337
21,2016-01-26-70,3.6664205621
22,2016-01-26-70,16.5416838471
23,2016-01-26-70,122.261504084
24,2016-01-26-70,33.5409283294
25,2016-01-26-70,1.37175936973
26,2016-01-26-70,7.08037227381
27,2016-01-26-70,13.6382382799
28,2016-01-26-70,22.5528697391
29,2016-01-26-70,14.672275551
30,2016-01-26-70,0.452268114256
31,2016-01-26-70,8.94739486159
32,2016-01-26-70,0.424228037427
33,2016-01-26-70,3.70498023989
34,2016-01-26-70,2.71888922979
35,2016-01-26-70,0.518867868881
36,2016-01-26-70,3.73302031672
37,2016-01-26-70,74.507335525
38,2016-01-26-70,3.82766014817
39,2016-01-26-70,0.518867868881
40,2016-01-26-70,-0.0980503986051
41,2016-01-26-70,9.10863444767
42,2016-01-26-70,26.9258491519
43,2016-01-26-70,1.41031904753
44,2016-01-26-70,1.59959871044
45,2016-01-26-70,1.59959871044
46,2016-01-26-70,45.4256051105
47,2016-01-26-70,10.9114429891
48,2016-01-26-70,36.0728154457
49,2016-01-26-70,1.66619846506
50,2016-01-26-70,0.262988451348
51,2016-01-26-70,116.8961874
52,2016-01-26-70,1.73279821969
53,2016-01-26-70,3.86621982597
54,2016-01-26-70,0.585467623506
55,2016-01-26-70,0.585467623506
56,2016-01-26-70,0.585467623506
57,2016-01-26-70,0.291028528178
58,2016-01-26-70,4.42467223149
59,2016-01-26-70,0.452268114256
60,2016-01-26-70,1.73279821969
61,2016-01-26-70,0.585467623506
62,2016-01-26-70,0.585467623506
63,2016-01-26-70,0.585467623506
64,2016-01-26-70,0.585467623506
65,2016-01-26-70,-0.0314506439803
66,2016-01-26-70,0.518867868881
1,2016-01-26-82,2.79362287708
2,2016-01-26-82,0.262988451348
3,2016-01-26-82,0.185869095757
4,2016-01-26-82,11.8658555236
5,2016-01-26-82,-0.26980958565
6,2016-01-26-82,1.18247970683
7,2016-01-26-82,72.1759850948
8,2016-01-26-82,150.501101944
9,2016-01-26-82,5.27756373235
10,2016-01-26-82,0.291028528178
11,2016-01-26-82,2.35785037984
12,2016-01-26-82,3.41054114456
13,2016-01-26-82,0.518867868881
14,2016-01-26-82,56.7811222534
15,2016-01-26-82,0.585467623506
16,2016-01-26-82,1.73279821969
17,2016-01-26-82,1.73279821969
18,2016-01-26-82,0.565561439339
19,2016-01-26-82,3.37198146677
20,2016-01-26-82,4.52857897338
21,2016-01-26-82,2.88012881587
22,2016-01-26-82,3.67330176422
23,2016-01-26-82,108.910655933
24,2016-01-26-82,48.2025761205
25,2016-01-26-82,1.02124012075
26,2016-01-26-82,5.41889713426
27,2016-01-26-82,7.24849306201
28,2016-01-26-82,6.39446854339
29,2016-01-26-82,8.86663710716
30,2016-01-26-82,1.30515961511
31,2016-01-26-82,0.754841102247
32,2016-01-26-82,0.585467623506
33,2016-01-26-82,3.34394138994
34,2016-01-26-82,2.32981030301
35,2016-01-26-82,0.585467623506
36,2016-01-26-82,0.518867868881
37,2016-01-26-82,79.6677397017
38,2016-01-26-82,4.39663215466
39,2016-01-26-82,4.04611290568
40,2016-01-26-82,7.3829452618
41,2016-01-26-82,2.65228947516
42,2016-01-26-82,11.9300695699
43,2016-01-26-82,0.585467623506
44,2016-01-26-82,0.424228037427
45,2016-01-26-82,1.73279821969
46,2016-01-26-82,41.900745782
47,2016-01-26-82,1.53299895581
48,2016-01-26-82,116.048223566
49,2016-01-26-82,0.585467623506
50,2016-01-26-82,1.37175936973
51,2016-01-26-82,175.118971186
52,2016-01-26-82,1.57155863361
53,2016-01-26-82,10.4277242309
54,2016-01-26-82,0.585467623506
55,2016-01-26-82,0.585467623506
56,2016-01-26-82,0.585467623506
57,2016-01-26-82,0.585467623506
58,2016-01-26-82,1.04928019758
59,2016-01-26-82,2.88012881587
60,2016-01-26-82,1.18247970683
61,2016-01-26-82,0.518867868881
62,2016-01-26-82,1.14392002903
63,2016-01-26-82,0.357628282802
64,2016-01-26-82,1.57155863361
65,2016-01-26-82,1.50495887898
66,2016-01-26-82,0.585467623506
1,2016-01-26-94,8.94739486159
2,2016-01-26-94,1.73279821969
3,2016-01-26-94,2.74692930662
4,2016-01-26-94,4.62447149537
5,2016-01-26-94,0.424228037427
6,2016-01-26-94,0.585467623506
7,2016-01-26-94,76.3565617141
8,2016-01-26-94,158.647118383
9,2016-01-26-94,8.13306303854
10,2016-01-26-94,0.585467623506
11,2016-01-26-94,0.424228037427
12,2016-01-26-94,6.33025449707
13,2016-01-26-94,1.41031904753
14,2016-01-26-94,29.9284300443
15,2016-01-26-94,0.585467623506
16,2016-01-26-94,0.424228037427
17,2016-01-26-94,0.585467623506
18,2016-01-26-94,2.88012881587
19,2016-01-26-94,1.43835912436
20,2016-01-26-94,5.24952365552
21,2016-01-26-94,2.49104988909
22,2016-01-26-94,24.6372120667
23,2016-01-26-94,161.997676566
24,2016-01-26-94,15.0028886158
25,2016-01-26-94,1.57155863361
26,2016-01-26-94,10.6836036484
27,2016-01-26-94,6.53818765361
28,2016-01-26-94,4.98887282138
29,2016-01-26-94,3.54374065381
30,2016-01-26-94,0.585467623506
31,2016-01-26-94,1.43835912436
32,2016-01-26-94,1.53299895581
33,2016-01-26-94,2.8987823095
34,2016-01-26-94,0.357628282802
35,2016-01-26-94,0.0912292643031
36,2016-01-26-94,0.357628282802
37,2016-01-26-94,67.6069644898
38,2016-01-26-94,2.61372979737
39,2016-01-26-94,0.262988451348
40,2016-01-26-94,0.224428773553
41,2016-01-26-94,0.262988451348
42,2016-01-26-94,7.06046608964
43,2016-01-26-94,3.4000215436
44,2016-01-26-94,0.585467623506
45,2016-01-26-94,1.17196010586
46,2016-01-26-94,5.73324241375
47,2016-01-26-94,2.51908996591
48,2016-01-26-94,134.418098663
49,2016-01-26-94,0.585467623506
50,2016-01-26-94,0.518867868881
51,2016-01-26-94,205.917175279
52,2016-01-26-94,0.424228037427
53,2016-01-26-94,0.452268114256
54,2016-01-26-94,0.585467623506
55,2016-01-26-94,0.518867868881
56,2016-01-26-94,2.88012881587
57,2016-01-26-94,0.357628282802
58,2016-01-26-94,1.53299895581
59,2016-01-26-94,0.518867868881
60,2016-01-26-94,0.101748865269
61,2016-01-26-94,1.39979944656
62,2016-01-26-94,0.424228037427
63,2016-01-26-94,2.92682238633
64,2016-01-26-94,0.518867868881
65,2016-01-26-94,0.452268114256
66,2016-01-26-94,0.585467623506
1,2016-01-26-106,6.68576374851
2,2016-01-26-106,0.495817794505
3,2016-01-26-106,1.24593557124
4,2016-01-26-106,3.15151783682
5,2016-01-26-106,1.08469598516
6,2016-01-26-106,6.66010937999
7,2016-01-26-106,169.569293881
8,2016-01-26-106,104.26880513
9,2016-01-26-106,2.00418724064
10,2016-01-26-106,0.56241754913
11,2016-01-26-106,2.00418724064
12,2016-01-26-106,12.2623101611
13,2016-01-26-106,2.23202658134
14,2016-01-26-106,46.4353396166
15,2016-01-26-106,2.39326616742
16,2016-01-26-106,1.08469598516
17,2016-01-26-106,2.39326616742
18,2016-01-26-106,6.36567028466
19,2016-01-26-106,1.70974814531
20,2016-01-26-106,4.17378281641
21,2016-01-26-106,2.19346690355
22,2016-01-26-106,28.4790209688
23,2016-01-26-106,154.441740922
24,2016-01-26-106,4.00440933767
25,2016-01-26-106,3.34079749973
26,2016-01-26-106,2.23202658134
27,2016-01-26-106,8.2314401819
28,2016-01-26-106,19.6893354534
29,2016-01-26-106,18.7865075788
30,2016-01-26-106,6.98258855215
31,2016-01-26-106,1.11273606199
32,2016-01-26-106,1.11273606199
33,2016-01-26-106,1.24593557124
34,2016-01-26-106,1.93758748601
35,2016-01-26-106,3.05687800537
36,2016-01-26-106,3.5405967636
37,2016-01-26-106,19.7152657447
38,2016-01-26-106,1.24593557124
39,2016-01-26-106,4.55472785053
40,2016-01-26-106,1.17933581662
41,2016-01-26-106,1.15942963245
42,2016-01-26-106,2.09882707209
43,2016-01-26-106,1.24593557124
44,2016-01-26-106,0.923456399083
45,2016-01-26-106,1.08469598516
46,2016-01-26-106,3.93780958305
47,2016-01-26-106,0.923456399083
48,2016-01-26-106,273.503284148
49,2016-01-26-106,2.23202658134
50,2016-01-26-106,2.39326616742
51,2016-01-26-106,609.317032643
52,2016-01-26-106,2.39326616742
53,2016-01-26-106,2.23202658134
54,2016-01-26-106,6.98258855215
55,2016-01-26-106,1.24593557124
56,2016-01-26-106,0.856856644458
57,2016-01-26-106,1.24593557124
58,2016-01-26-106,1.24593557124
59,2016-01-26-106,1.24593557124
60,2016-01-26-106,5.83525795596
61,2016-01-26-106,1.08469598516
62,2016-01-26-106,1.24593557124
63,2016-01-26-106,1.24593557124
64,2016-01-26-106,3.5405967636
65,2016-01-26-106,0.923456399083
66,2016-01-26-106,2.23202658134
1,2016-01-26-118,7.6107846025
2,2016-01-26-118,1.50495887898
3,2016-01-26-118,0.357628282802
4,2016-01-26-118,2.26321054838
5,2016-01-26-118,0.585467623506
6,2016-01-26-118,1.73279821969
7,2016-01-26-118,48.906036904
8,2016-01-26-118,14.9935020326
9,2016-01-26-118,3.73302031672
10,2016-01-26-118,2.88012881587
11,2016-01-26-118,0.585467623506
12,2016-01-26-118,1.1158799522
13,2016-01-26-118,0.585467623506
14,2016-01-26-118,3.0880619724
15,2016-01-26-118,0.585467623506
16,2016-01-26-118,1.73279821969
17,2016-01-26-118,0.585467623506
18,2016-01-26-118,0.262988451348
19,2016-01-26-118,0.821440856872
20,2016-01-26-118,9.90544579487
21,2016-01-26-118,0.129788942099
22,2016-01-26-118,18.0943611554
23,2016-01-26-118,16.5100053714
24,2016-01-26-118,4.81375115828
25,2016-01-26-118,2.32981030301
26,2016-01-26-118,5.97609684924
27,2016-01-26-118,1.66494577452
28,2016-01-26-118,6.98334673405
29,2016-01-26-118,2.49104988909
30,2016-01-26-118,0.518867868881
31,2016-01-26-118,3.15466172703
32,2016-01-26-118,0.262988451348
33,2016-01-26-118,0.424228037427
34,2016-01-26-118,0.585467623506
35,2016-01-26-118,10.2559650439
36,2016-01-26-118,1.57155863361
37,2016-01-26-118,6.15849531003
38,2016-01-26-118,1.66619846506
39,2016-01-26-118,0.452268114256
40,2016-01-26-118,1.73279821969
41,2016-01-26-118,0.585467623506
42,2016-01-26-118,2.35785037984
43,2016-01-26-118,1.57155863361
44,2016-01-26-118,2.58568972054
45,2016-01-26-118,2.88012881587
46,2016-01-26-118,4.03559330471
47,2016-01-26-118,5.01355042215
48,2016-01-26-118,8.5757167379
49,2016-01-26-118,0.424228037427
50,2016-01-26-118,0.518867868881
51,2016-01-26-118,52.6680024836
52,2016-01-26-118,1.73279821969
53,2016-01-26-118,2.58568972054
54,2016-01-26-118,0.101748865269
55,2016-01-26-118,0.585467623506
56,2016-01-26-118,-0.00341056715103
57,2016-01-26-118,0.585467623506
58,2016-01-26-118,0.585467623506
59,2016-01-26-118,0.585467623506
60,2016-01-26-118,0.585467623506
61,2016-01-26-118,0.585467623506
62,2016-01-26-118,0.585467623506
63,2016-01-26-118,0.585467623506
64,2016-01-26-118,0.452268114256
65,2016-01-26-118,0.424228037427
66,2016-01-26-118,0.585467623506
1,2016-01-26-130,7.94139766732
2,2016-01-26-130,0.585467623506
3,2016-01-26-130,1.46639920119
4,2016-01-26-130,16.9973625285
5,2016-01-26-130,0.518867868881
6,2016-01-26-130,0.585467623506
7,2016-01-26-130,75.1290911129
8,2016-01-26-130,125.520240317
9,2016-01-26-130,2.74692930662
10,2016-01-26-130,3.54374065381
11,2016-01-26-130,4.02745941205
12,2016-01-26-130,9.6670868532
13,2016-01-26-130,0.424228037427
14,2016-01-26-130,8.99408843205
15,2016-01-26-130,0.585467623506
16,2016-01-26-130,0.585467623506
17,2016-01-26-130,0.424228037427
18,2016-01-26-130,0.518867868881
19,2016-01-26-130,0.357628282802
20,2016-01-26-130,9.29666142004
21,2016-01-26-130,2.42445013446
22,2016-01-26-130,17.7917881674
23,2016-01-26-130,41.9165813945
24,2016-01-26-130,3.8942599028
25,2016-01-26-130,1.53299895581
26,2016-01-26-130,38.1422989284
27,2016-01-26-130,13.4502113075
28,2016-01-26-130,23.6065372716
29,2016-01-26-130,4.02745941205
30,2016-01-26-130,1.50495887898
31,2016-01-26-130,1.24907946145
32,2016-01-26-130,2.88012881587
33,2016-01-26-130,1.73279821969
34,2016-01-26-130,2.54713004274
35,2016-01-26-130,1.19061359949
36,2016-01-26-130,5.10819025361
37,2016-01-26-130,28.7252952173
38,2016-01-26-130,0.0351491106445
39,2016-01-26-130,1.27711953828
40,2016-01-26-130,0.585467623506
41,2016-01-26-130,1.73279821969
42,2016-01-26-130,3.94095347326
43,2016-01-26-130,4.74715140365
44,2016-01-26-130,0.585467623506
45,2016-01-26-130,0.424228037427
46,2016-01-26-130,12.1615473094
47,2016-01-26-130,1.59959871044
48,2016-01-26-130,56.8247585972
49,2016-01-26-130,1.73279821969
50,2016-01-26-130,0.585467623506
51,2016-01-26-130,509.535143063
52,2016-01-26-130,1.73279821969
53,2016-01-26-130,0.585467623506
54,2016-01-26-130,0.585467623506
55,2016-01-26-130,0.424228037427
56,2016-01-26-130,1.43835912436
57,2016-01-26-130,0.518867868881
58,2016-01-26-130,0.452268114256
59,2016-01-26-130,0.585467623506
60,2016-01-26-130,0.585467623506
61,2016-01-26-130,3.86621982597
62,2016-01-26-130,-0.0700103217759
63,2016-01-26-130,0.585467623506
64,2016-01-26-130,0.585467623506
65,2016-01-26-130,0.518867868881
66,2016-01-26-130,1.73279821969
1,2016-01-26-142,7.63882467933
2,2016-01-26-142,0.196388696723
3,2016-01-26-142,0.585467623506
4,2016-01-26-142,2.39641005763
5,2016-01-26-142,0.585467623506
6,2016-01-26-142,1.50495887898
7,2016-01-26-142,3.87435371863
8,2016-01-26-142,12.4360802206
9,2016-01-26-142,0.357628282802
10,2016-01-26-142,0.585467623506
11,2016-01-26-142,2.81352906124
12,2016-01-26-142,23.512173363
13,2016-01-26-142,0.196388696723
14,2016-01-26-142,3.31590131311
15,2016-01-26-142,0.585467623506
16,2016-01-26-142,0.518867868881
17,2016-01-26-142,0.585467623506
18,2016-01-26-142,1.46639920119
19,2016-01-26-142,6.88057300993
20,2016-01-26-142,2.44310362809
21,2016-01-26-142,2.88012881587
22,2016-01-26-142,3.21074188069
23,2016-01-26-142,12.785346779
24,2016-01-26-142,3.86621982597
25,2016-01-26-142,2.71888922979
26,2016-01-26-142,7.24161185989
27,2016-01-26-142,5.22148357869
28,2016-01-26-142,10.5105917708
29,2016-01-26-142,1.08783987537
30,2016-01-26-142,0.518867868881
31,2016-01-26-142,0.291028528178
32,2016-01-26-142,1.73279821969
33,2016-01-26-142,2.88012881587
34,2016-01-26-142,0.262988451348
35,2016-01-26-142,0.585467623506
36,2016-01-26-142,0.585467623506
37,2016-01-26-142,0.754841102247
38,2016-01-26-142,0.585467623506
39,2016-01-26-142,1.24907946145
40,2016-01-26-142,1.73279821969
41,2016-01-26-142,0.585467623506
42,2016-01-26-142,1.77949179014
43,2016-01-26-142,1.73279821969
44,2016-01-26-142,0.585467623506
45,2016-01-26-142,0.518867868881
46,2016-01-26-142,1.14392002903
47,2016-01-26-142,1.73279821969
48,2016-01-26-142,21.4616192966
49,2016-01-26-142,1.73279821969
50,2016-01-26-142,0.385668359632
51,2016-01-26-142,74.3704976169
52,2016-01-26-142,0.452268114256
53,2016-01-26-142,1.41031904753
54,2016-01-26-142,0.585467623506
55,2016-01-26-142,1.73279821969
56,2016-01-26-142,2.71888922979
57,2016-01-26-142,0.518867868881
58,2016-01-26-142,2.88012881587
59,2016-01-26-142,0.585467623506
60,2016-01-26-142,5.83840184617
61,2016-01-26-142,1.73279821969
62,2016-01-26-142,0.291028528178
63,2016-01-26-142,1.73279821969
64,2016-01-26-142,0.424228037427
65,2016-01-26-142,0.585467623506
66,2016-01-26-142,0.585467623506
1,2016-01-28-58,6.12971326651
2,2016-01-28-58,2.46226784557
3,2016-01-28-58,0.328846239283
4,2016-01-28-58,77.5230565278
5,2016-01-28-58,6.94643079787
6,2016-01-28-58,28.0305156275
7,2016-01-28-58,37.8971739129
8,2016-01-28-58,265.615683224
9,2016-01-28-58,4.87597054737
10,2016-01-28-58,1.50421691229
11,2016-01-28-58,-0.0135391170418
12,2016-01-28-58,2.18409653556
13,2016-01-28-58,0.167606653204
14,2016-01-28-58,43.8943214779
15,2016-01-28-58,0.490085825362
16,2016-01-28-58,10.245836494
17,2016-01-28-58,1.63741642154
18,2016-01-28-58,8.454800244
19,2016-01-28-58,-0.126832442124
20,2016-01-28-58,-4.70368169038
21,2016-01-28-58,4.14001077044
22,2016-01-28-58,6.44280585547
23,2016-01-28-58,198.994300154
24,2016-01-28-58,119.142040692
25,2016-01-28-58,42.7050687279
26,2016-01-28-58,10.7549336979
27,2016-01-28-58,14.1411212556
28,2016-01-28-58,-6.85392292757
29,2016-01-28-58,2.96225438913
30,2016-01-28-58,0.395445993908
31,2016-01-28-58,6.49075211646
32,2016-01-28-58,1.70401617617
33,2016-01-28-58,0.395445993908
34,2016-01-28-58,-0.354671782828
35,2016-01-28-58,0.0729668217502
36,2016-01-28-58,0.423486070737
37,2016-01-28-58,211.928683627
38,2016-01-28-58,3.61773233441
39,2016-01-28-58,1.27637757159
40,2016-01-28-58,7.80984189969
41,2016-01-28-58,0.887298644807
42,2016-01-28-58,12.5275923771
43,2016-01-28-58,1.54277659009
44,2016-01-28-58,0.556685579987
45,2016-01-28-58,1.70401617617
46,2016-01-28-58,119.001684058
47,2016-01-28-58,0.859258567978
48,2016-01-28-58,11.2352899801
49,2016-01-28-58,5.14600796471
50,2016-01-28-58,2.62350743165
51,2016-01-28-58,48.4229485424
52,2016-01-28-58,1.54277659009
53,2016-01-28-58,16.0361839202
54,2016-01-28-58,4.81300919159
55,2016-01-28-58,0.556685579987
56,2016-01-28-58,0.395445993908
57,2016-01-28-58,0.556685579987
58,2016-01-28-58,8.13232107185
59,2016-01-28-58,0.556685579987
60,2016-01-28-58,1.63741642154
61,2016-01-28-58,3.99867736853
62,2016-01-28-58,0.490085825362
63,2016-01-28-58,0.556685579987
64,2016-01-28-58,0.556685579987
65,2016-01-28-58,0.234206407829
66,2016-01-28-58,0.556685579987
1,2016-01-28-70,2.12926907244
2,2016-01-28-70,1.70401617617
3,2016-01-28-70,4.98476837863
4,2016-01-28-70,1.34297732621
5,2016-01-28-70,0.556685579987
6,2016-01-28-70,2.26246858169
7,2016-01-28-70,19.0610567052
8,2016-01-28-70,78.2848269232
9,2016-01-28-70,3.38175910104
10,2016-01-28-70,0.0729668217502
11,2016-01-28-70,0.423486070737
12,2016-01-28-70,-0.098792365295
13,2016-01-28-70,0.764618736524
14,2016-01-28-70,12.9738844753
15,2016-01-28-70,0.556685579987
16,2016-01-28-70,-0.0321926106702
17,2016-01-28-70,2.42370816777
18,2016-01-28-70,2.13978867341
19,2016-01-28-70,-0.0707522884657
20,2016-01-28-70,2.30102825949
21,2016-01-28-70,-0.354671782828
22,2016-01-28-70,6.00578066769
23,2016-01-28-70,148.504669951
24,2016-01-28-70,23.5310616576
25,2016-01-28-70,0.490085825362
26,2016-01-28-70,5.69394076927
27,2016-01-28-70,10.9550088846
28,2016-01-28-70,7.74324214506
29,2016-01-28-70,7.89270943964
30,2016-01-28-70,0.290286561488
31,2016-01-28-70,2.85948066501
32,2016-01-28-70,0.290286561488
33,2016-01-28-70,5.74302004803
34,2016-01-28-70,0.556685579987
35,2016-01-28-70,2.52886760019
36,2016-01-28-70,0.262246484658
37,2016-01-28-70,30.3017519096
38,2016-01-28-70,3.4763989325
39,2016-01-28-70,-0.0882727643288
40,2016-01-28-70,-0.382711859657
41,2016-01-28-70,4.6903292833
42,2016-01-28-70,9.45477333113
43,2016-01-28-70,-0.0882727643288
44,2016-01-28-70,0.556685579987
45,2016-01-28-70,0.423486070737
46,2016-01-28-70,11.0613013348
47,2016-01-28-70,10.2271830003
48,2016-01-28-70,8.10048634616
49,2016-01-28-70,-0.154872518954
50,2016-01-28-70,1.54277659009
51,2016-01-28-70,181.756493962
52,2016-01-28-70,0.328846239283
53,2016-01-28-70,2.52886760019
54,2016-01-28-70,0.490085825362
55,2016-01-28-70,0.556685579987
56,2016-01-28-70,0.490085825362
57,2016-01-28-70,1.50421691229
58,2016-01-28-70,7.14623006174
59,2016-01-28-70,0.223686806863
60,2016-01-28-70,0.556685579987
61,2016-01-28-70,0.395445993908
62,2016-01-28-70,0.395445993908
63,2016-01-28-70,0.490085825362
64,2016-01-28-70,1.70401617617
65,2016-01-28-70,0.234206407829
66,2016-01-28-70,1.57081666692
1,2016-01-28-82,2.88752074184
2,2016-01-28-82,0.556685579987
3,2016-01-28-82,1.15369766331
4,2016-01-28-82,8.39633438204
5,2016-01-28-82,0.556685579987
6,2016-01-28-82,7.71520206823
7,2016-01-28-82,19.3192021582
8,2016-01-28-82,104.876868298
9,2016-01-28-82,2.65154750847
10,2016-01-28-82,0.556685579987
11,2016-01-28-82,0.167606653204
12,2016-01-28-82,6.27343237672
13,2016-01-28-82,0.556685579987
14,2016-01-28-82,1.4177109735
15,2016-01-28-82,0.556685579987
16,2016-01-28-82,13.8409339759
17,2016-01-28-82,5.07940821009
18,2016-01-28-82,4.2346506019
19,2016-01-28-82,2.46226784557
20,2016-01-28-82,2.4903079224
21,2016-01-28-82,0.101006898579
22,2016-01-28-82,7.25713767852
23,2016-01-28-82,60.5412128485
24,2016-01-28-82,46.3501025836
25,2016-01-28-82,0.00636706712534
26,2016-01-28-82,10.1593305552
27,2016-01-28-82,9.80881130618
28,2016-01-28-82,3.68433208903
29,2016-01-28-82,10.40707608
30,2016-01-28-82,1.70401617617
31,2016-01-28-82,6.72911105813
32,2016-01-28-82,0.195646730034
33,2016-01-28-82,0.167606653204
34,2016-01-28-82,3.67619819637
35,2016-01-28-82,4.99290227129
36,2016-01-28-82,6.13209897481
37,2016-01-28-82,65.8021612911
38,2016-01-28-82,1.31493724939
39,2016-01-28-82,0.423486070737
40,2016-01-28-82,4.60382334451
41,2016-01-28-82,0.556685579987
42,2016-01-28-82,1.11513798551
43,2016-01-28-82,0.423486070737
44,2016-01-28-82,0.395445993908
45,2016-01-28-82,0.556685579987
46,2016-01-28-82,5.86206155747
47,2016-01-28-82,4.48814431112
48,2016-01-28-82,10.40707608
49,2016-01-28-82,0.556685579987
50,2016-01-28-82,6.22673880627
51,2016-01-28-82,34.7731658027
52,2016-01-28-82,4.36785011115
53,2016-01-28-82,9.34625142265
54,2016-01-28-82,0.395445993908
55,2016-01-28-82,0.490085825362
56,2016-01-28-82,0.0344071439546
57,2016-01-28-82,0.490085825362
58,2016-01-28-82,3.11536008254
59,2016-01-28-82,1.05905783185
60,2016-01-28-82,0.490085825362
61,2016-01-28-82,2.62350743165
62,2016-01-28-82,0.556685579987
63,2016-01-28-82,2.85134677235
64,2016-01-28-82,0.556685579987
65,2016-01-28-82,0.556685579987
66,2016-01-28-82,0.556685579987
1,2016-01-28-94,9.30769174486
2,2016-01-28-94,0.395445993908
3,2016-01-28-94,1.63741642154
4,2016-01-28-94,3.2006133308
5,2016-01-28-94,0.328846239283
6,2016-01-28-94,2.62350743165
7,2016-01-28-94,70.6344577841
8,2016-01-28-94,175.017601858
9,2016-01-28-94,0.328846239283
10,2016-01-28-94,0.556685579987
11,2016-01-28-94,1.54277659009
12,2016-01-28-94,2.39566809094
13,2016-01-28-94,1.75070974663
14,2016-01-28-94,30.743548514
15,2016-01-28-94,0.556685579987
16,2016-01-28-94,2.46226784557
17,2016-01-28-94,0.423486070737
18,2016-01-28-94,2.7181472631
19,2016-01-28-94,3.7042382732
20,2016-01-28-94,3.40979917787
21,2016-01-28-94,3.9320776139
22,2016-01-28-94,21.6887166706
23,2016-01-28-94,164.203993412
24,2016-01-28-94,9.73294464113
25,2016-01-28-94,1.31493724939
26,2016-01-28-94,5.93229971094
27,2016-01-28-94,6.99073866002
28,2016-01-28-94,12.1713249437
29,2016-01-28-94,0.290286561488
30,2016-01-28-94,0.490085825362
31,2016-01-28-94,0.262246484658
32,2016-01-28-94,2.85134677235
33,2016-01-28-94,1.38153700401
34,2016-01-28-94,2.85134677235
35,2016-01-28-94,3.60959844175
36,2016-01-28-94,2.88752074184
37,2016-01-28-94,66.9053036979
38,2016-01-28-94,1.38153700401
39,2016-01-28-94,1.57081666692
40,2016-01-28-94,2.39566809094
41,2016-01-28-94,0.490085825362
42,2016-01-28-94,2.34772182994
43,2016-01-28-94,0.556685579987
44,2016-01-28-94,0.556685579987
45,2016-01-28-94,1.40957708084
46,2016-01-28-94,5.97085938873
47,2016-01-28-94,1.34297732621
48,2016-01-28-94,135.587999781
49,2016-01-28-94,6.22673880627
50,2016-01-28-94,0.556685579987
51,2016-01-28-94,410.194150669
52,2016-01-28-94,0.556685579987
53,2016-01-28-94,6.13209897481
54,2016-01-28-94,2.46226784557
55,2016-01-28-94,0.556685579987
56,2016-01-28-94,0.356886316113
57,2016-01-28-94,0.490085825362
58,2016-01-28-94,0.556685579987
59,2016-01-28-94,0.556685579987
60,2016-01-28-94,1.54277659009
61,2016-01-28-94,0.395445993908
62,2016-01-28-94,0.556685579987
63,2016-01-28-94,0.556685579987
64,2016-01-28-94,0.423486070737
65,2016-01-28-94,0.556685579987
66,2016-01-28-94,1.54277659009
1,2016-01-28-106,2.91116423792
2,2016-01-28-106,2.3644841239
3,2016-01-28-106,1.1505537731
4,2016-01-28-106,5.88120955973
5,2016-01-28-106,3.02809596185
6,2016-01-28-106,1.21715352772
7,2016-01-28-106,134.667816247
8,2016-01-28-106,106.036927194
9,2016-01-28-106,2.47777744899
10,2016-01-28-106,1.1505537731
11,2016-01-28-106,4.49790573019
12,2016-01-28-106,8.79040331128
13,2016-01-28-106,0.856114677768
14,2016-01-28-106,35.6623301861
15,2016-01-28-106,1.21715352772
16,2016-01-28-106,2.3644841239
17,2016-01-28-106,1.1505537731
18,2016-01-28-106,1.21715352772
19,2016-01-28-106,2.00344527395
20,2016-01-28-106,3.35870902667
21,2016-01-28-106,4.27006638948
22,2016-01-28-106,33.5350523598
23,2016-01-28-106,182.095339832
24,2016-01-28-106,10.5838252695
25,2016-01-28-106,0.600235260235
26,2016-01-28-106,2.8948964526
27,2016-01-28-106,20.0930831038
28,2016-01-28-106,21.7520528623
29,2016-01-28-106,3.02809596185
30,2016-01-28-106,1.08395401847
31,2016-01-28-106,1.97540519712
32,2016-01-28-106,1.05591394164
33,2016-01-28-106,1.1505537731
34,2016-01-28-106,2.3644841239
35,2016-01-28-106,3.90902753953
36,2016-01-28-106,4.33666614411
37,2016-01-28-106,45.1575862706
38,2016-01-28-106,2.1366447832
39,2016-01-28-106,0.828074600939
40,2016-01-28-106,1.05591394164
41,2016-01-28-106,1.21715352772
42,2016-01-28-106,4.92315862646
43,2016-01-28-106,3.18933554793
44,2016-01-28-106,1.1505537731
45,2016-01-28-106,0.894674355564
46,2016-01-28-106,7.30307306707
47,2016-01-28-106,2.20324453782
48,2016-01-28-106,158.300869246
49,2016-01-28-106,2.29788436928
50,2016-01-28-106,4.65914531626
51,2016-01-28-106,614.826679448
52,2016-01-28-106,1.21715352772
53,2016-01-28-106,2.04200495174
54,2016-01-28-106,0.761474846314
55,2016-01-28-106,1.21715352772
56,2016-01-28-106,9.18186794636
57,2016-01-28-106,2.3644841239
58,2016-01-28-106,1.05591394164
59,2016-01-28-106,1.21715352772
60,2016-01-28-106,1.05591394164
61,2016-01-28-106,2.3644841239
62,2016-01-28-106,0.894674355564
63,2016-01-28-106,1.01735426385
64,2016-01-28-106,0.828074600939
65,2016-01-28-106,1.21715352772
66,2016-01-28-106,2.3644841239
1,2016-01-28-118,7.51540280436
2,2016-01-28-118,0.556685579987
3,2016-01-28-118,0.328846239283
4,2016-01-28-118,14.0079217464
5,2016-01-28-118,1.47617683546
6,2016-01-28-118,2.78474701772
7,2016-01-28-118,95.1451237119
8,2016-01-28-118,86.7620010219
9,2016-01-28-118,2.23442850486
10,2016-01-28-118,0.395445993908
11,2016-01-28-118,1.05905783185
12,2016-01-28-118,0.515740193887
13,2016-01-28-118,0.556685579987
14,2016-01-28-118,7.84601586918
15,2016-01-28-118,1.70401617617
16,2016-01-28-118,0.395445993908
17,2016-01-28-118,1.70401617617
18,2016-01-28-118,1.27637757159
19,2016-01-28-118,4.75692903793
20,2016-01-28-118,5.95095320457
21,2016-01-28-118,3.24855959179
22,2016-01-28-118,11.132516256
23,2016-01-28-118,51.4872381001
24,2016-01-28-118,3.18195983717
25,2016-01-28-118,3.99867736853
26,2016-01-28-118,30.7808555013
27,2016-01-28-118,12.1408991586
28,2016-01-28-118,5.1704096427
29,2016-01-28-118,4.5010496204
30,2016-01-28-118,0.395445993908
31,2016-01-28-118,0.195646730034
32,2016-01-28-118,0.195646730034
33,2016-01-28-118,0.328846239283
34,2016-01-28-118,1.70401617617
35,2016-01-28-118,16.5396891899
36,2016-01-28-118,0.556685579987
37,2016-01-28-118,12.2237666985
38,2016-01-28-118,0.490085825362
39,2016-01-28-118,2.69010718627
40,2016-01-28-118,0.423486070737
41,2016-01-28-118,1.54277659009
42,2016-01-28-118,6.98499047567
43,2016-01-28-118,1.54277659009
44,2016-01-28-118,0.490085825362
45,2016-01-28-118,0.395445993908
46,2016-01-28-118,7.83788197652
47,2016-01-28-118,0.423486070737
48,2016-01-28-118,24.966963492
49,2016-01-28-118,2.62350743165
50,2016-01-28-118,0.328846239283
51,2016-01-28-118,190.736352812
52,2016-01-28-118,3.99867736853
53,2016-01-28-118,3.23917300859
54,2016-01-28-118,5.07940821009
55,2016-01-28-118,0.556685579987
56,2016-01-28-118,0.262246484658
57,2016-01-28-118,3.86547785928
58,2016-01-28-118,0.328846239283
59,2016-01-28-118,0.423486070737
60,2016-01-28-118,0.556685579987
61,2016-01-28-118,0.556685579987
62,2016-01-28-118,0.395445993908
63,2016-01-28-118,0.423486070737
64,2016-01-28-118,0.556685579987
65,2016-01-28-118,1.70401617617
66,2016-01-28-118,0.234206407829
1,2016-01-28-130,2.57317546234
2,2016-01-28-130,0.395445993908
3,2016-01-28-130,5.50466110636
4,2016-01-28-130,41.2903623455
5,2016-01-28-130,0.234206407829
6,2016-01-28-130,2.78474701772
7,2016-01-28-130,117.695030834
8,2016-01-28-130,210.361193993
9,2016-01-28-130,3.77083802783
10,2016-01-28-130,1.70401617617
11,2016-01-28-130,0.556685579987
12,2016-01-28-130,5.87383384898
13,2016-01-28-130,0.556685579987
14,2016-01-28-130,32.8451719719
15,2016-01-28-130,0.556685579987
16,2016-01-28-130,4.98476837863
17,2016-01-28-130,0.556685579987
18,2016-01-28-130,2.78474701772
19,2016-01-28-130,5.86569995631
20,2016-01-28-130,44.4539069012
21,2016-01-28-130,3.4763989325
22,2016-01-28-130,23.0545000243
23,2016-01-28-130,87.3173668741
24,2016-01-28-130,2.10122899561
25,2016-01-28-130,1.63741642154
26,2016-01-28-130,16.3411426165
27,2016-01-28-130,3.80701199732
28,2016-01-28-130,188.053635979
29,2016-01-28-130,1.47617683546
30,2016-01-28-130,1.34297732621
31,2016-01-28-130,1.70401617617
32,2016-01-28-130,0.395445993908
33,2016-01-28-130,0.167606653204
34,2016-01-28-130,7.27942957099
35,2016-01-28-130,10.293782755
36,2016-01-28-130,1.54277659009
37,2016-01-28-130,53.0707367891
38,2016-01-28-130,0.490085825362
39,2016-01-28-130,0.981938476261
40,2016-01-28-130,1.63741642154
41,2016-01-28-130,0.490085825362
42,2016-01-28-130,1.87338965491
43,2016-01-28-130,2.26246858169
44,2016-01-28-130,0.395445993908
45,2016-01-28-130,0.556685579987
46,2016-01-28-130,4.66803739083
47,2016-01-28-130,0.490085825362
48,2016-01-28-130,134.829711534
49,2016-01-28-130,0.556685579987
50,2016-01-28-130,0.556685579987
51,2016-01-28-130,501.111092691
52,2016-01-28-130,1.70401617617
53,2016-01-28-130,-0.354671782828
54,2016-01-28-130,0.328846239283
55,2016-01-28-130,0.556685579987
56,2016-01-28-130,2.52886760019
57,2016-01-28-130,0.556685579987
58,2016-01-28-130,-0.543951445736
59,2016-01-28-130,0.395445993908
60,2016-01-28-130,1.70401617617
61,2016-01-28-130,0.556685579987
62,2016-01-28-130,0.556685579987
63,2016-01-28-130,2.39566809094
64,2016-01-28-130,1.70401617617
65,2016-01-28-130,0.556685579987
66,2016-01-28-130,3.99867736853
1,2016-01-28-142,29.1440579625
2,2016-01-28-142,0.556685579987
3,2016-01-28-142,0.490085825362
4,2016-01-28-142,1.38153700401
5,2016-01-28-142,0.395445993908
6,2016-01-28-142,0.556685579987
7,2016-01-28-142,16.3655442945
8,2016-01-28-142,9.23745359139
9,2016-01-28-142,1.54277659009
10,2016-01-28-142,0.556685579987
11,2016-01-28-142,2.78474701772
12,2016-01-28-142,45.1775132145
13,2016-01-28-142,0.262246484658
14,2016-01-28-142,1.96802948636
15,2016-01-28-142,0.556685579987
16,2016-01-28-142,0.953898399432
17,2016-01-28-142,3.99867736853
18,2016-01-28-142,2.7181472631
19,2016-01-28-142,1.63741642154
20,2016-01-28-142,-0.687670555952
21,2016-01-28-142,1.57081666692
22,2016-01-28-142,14.5874133538
23,2016-01-28-142,33.4913830067
24,2016-01-28-142,-0.326631705999
25,2016-01-28-142,1.31493724939
26,2016-01-28-142,3.77083802783
27,2016-01-28-142,8.83210687928
28,2016-01-28-142,4.687943575
29,2016-01-28-142,0.556685579987
30,2016-01-28-142,0.556685579987
31,2016-01-28-142,1.50421691229
32,2016-01-28-142,0.167606653204
33,2016-01-28-142,0.556685579987
34,2016-01-28-142,0.101006898579
35,2016-01-28-142,-0.0882727643288
36,2016-01-28-142,1.70401617617
37,2016-01-28-142,0.431619963399
38,2016-01-28-142,0.556685579987
39,2016-01-28-142,2.55690767702
40,2016-01-28-142,0.0904872976132
41,2016-01-28-142,0.556685579987
42,2016-01-28-142,3.91217142974
43,2016-01-28-142,0.395445993908
44,2016-01-28-142,2.85134677235
45,2016-01-28-142,0.556685579987
46,2016-01-28-142,2.92608041964
47,2016-01-28-142,3.77083802783
48,2016-01-28-142,20.8053993847
49,2016-01-28-142,0.556685579987
50,2016-01-28-142,0.490085825362
51,2016-01-28-142,236.784599311
52,2016-01-28-142,0.556685579987
53,2016-01-28-142,0.556685579987
54,2016-01-28-142,0.490085825362
55,2016-01-28-142,0.556685579987
56,2016-01-28-142,2.78474701772
57,2016-01-28-142,8.42676016717
58,2016-01-28-142,0.556685579987
59,2016-01-28-142,1.38153700401
60,2016-01-28-142,1.38153700401
61,2016-01-28-142,0.234206407829
62,2016-01-28-142,0.490085825362
63,2016-01-28-142,0.556685579987
64,2016-01-28-142,1.63741642154
65,2016-01-28-142,0.556685579987
66,2016-01-28-142,0.556685579987
1,2016-01-30-46,25.5651199283
2,2016-01-30-46,1.62553579244
3,2016-01-30-46,2.77286638862
4,2016-01-30-46,10.6300356665
5,2016-01-30-46,1.62553579244
6,2016-01-30-46,10.1872622944
7,2016-01-30-46,17.3970875197
8,2016-01-30-46,44.3344811314
9,2016-01-30-46,1.94562925629
10,2016-01-30-46,4.9062879949
11,2016-01-30-46,6.99176334019
12,2016-01-30-46,16.1119422477
13,2016-01-30-46,1.1418170342
14,2016-01-30-46,36.3490034336
15,2016-01-30-46,0.478205196256
16,2016-01-30-46,4.54524914495
17,2016-01-30-46,0.478205196256
18,2016-01-30-46,1.99470853505
19,2016-01-30-46,0.16385991676
20,2016-01-30-46,3.0612813768
21,2016-01-30-46,11.6851121396
22,2016-01-30-46,1.76686919435
23,2016-01-30-46,53.921991339
24,2016-01-30-46,36.475202068
25,2016-01-30-46,-0.0721133166058
26,2016-01-30-46,7.90886888736
27,2016-01-30-46,6.38297896536
28,2016-01-30-46,32.2340132239
29,2016-01-30-46,9.66498385837
30,2016-01-30-46,0.478205196256
31,2016-01-30-46,1.39769645173
32,2016-01-30-46,1.03665760178
33,2016-01-30-46,2.77286638862
34,2016-01-30-46,0.478205196256
35,2016-01-30-46,0.250365855552
36,2016-01-30-46,20.51323766
37,2016-01-30-46,29.9673921084
38,2016-01-30-46,3.33131879414
39,2016-01-30-46,1.62553579244
40,2016-01-30-46,3.85359723017
41,2016-01-30-46,-0.499751921184
42,2016-01-30-46,29.2081636712
43,2016-01-30-46,3.85359723017
44,2016-01-30-46,1.62553579244
45,2016-01-30-46,1.23645686565
46,2016-01-30-46,35.2203263311
47,2016-01-30-46,2.54502704791
48,2016-01-30-46,61.5458490147
49,2016-01-30-46,0.345005687006
50,2016-01-30-46,0.478205196256
51,2016-01-30-46,36.9761653793
52,2016-01-30-46,0.478205196256
53,2016-01-30-46,2.1279080443
54,2016-01-30-46,0.478205196256
55,2016-01-30-46,1.62553579244
56,2016-01-30-46,2.61162680254
57,2016-01-30-46,0.478205196256
58,2016-01-30-46,4.6784486542
59,2016-01-30-46,1.62553579244
60,2016-01-30-46,2.45038721646
61,2016-01-30-46,0.478205196256
62,2016-01-30-46,1.46429620636
63,2016-01-30-46,0.478205196256
64,2016-01-30-46,0.250365855552
65,2016-01-30-46,3.75895739872
66,2016-01-30-46,0.478205196256
1,2016-01-30-58,5.42618072263
2,2016-01-30-58,0.478205196256
3,2016-01-30-58,1.62553579244
4,2016-01-30-58,-0.205312825855
5,2016-01-30-58,2.15594812113
6,2016-01-30-58,3.39791854877
7,2016-01-30-58,7.3609360828
8,2016-01-30-58,75.5461510034
9,2016-01-30-58,0.875418015701
10,2016-01-30-58,1.55893603781
11,2016-01-30-58,2.63966687937
12,2016-01-30-58,2.54502704791
13,2016-01-30-58,3.85359723017
14,2016-01-30-58,8.52578715485
15,2016-01-30-58,0.478205196256
16,2016-01-30-58,0.411605441631
17,2016-01-30-58,0.847377938871
18,2016-01-30-58,0.478205196256
19,2016-01-30-58,2.89429360636
20,2016-01-30-58,3.26471903952
21,2016-01-30-58,-0.0440732397765
22,2016-01-30-58,10.2140496807
23,2016-01-30-58,68.1185738655
24,2016-01-30-58,15.8069835514
25,2016-01-30-58,0.250365855552
26,2016-01-30-58,10.6230347916
27,2016-01-30-58,8.20092227438
28,2016-01-30-58,5.96711265229
29,2016-01-30-58,3.19811928489
30,2016-01-30-58,1.16985711103
31,2016-01-30-58,2.63966687937
32,2016-01-30-58,2.28914763038
33,2016-01-30-58,1.62553579244
34,2016-01-30-58,0.411605441631
35,2016-01-30-58,0.345005687006
36,2016-01-30-58,0.411605441631
37,2016-01-30-58,39.6904875336
38,2016-01-30-58,0.277153241843
39,2016-01-30-58,2.61162680254
40,2016-01-30-58,3.43647822656
41,2016-01-30-58,3.53111805802
42,2016-01-30-58,1.92810878043
43,2016-01-30-58,3.9201969848
44,2016-01-30-58,0.250365855552
45,2016-01-30-58,3.9201969848
46,2016-01-30-58,103.038754217
47,2016-01-30-58,14.5954389089
48,2016-01-30-58,4.31740980424
49,2016-01-30-58,0.411605441631
50,2016-01-30-58,0.411605441631
51,2016-01-30-58,10.6568230528
52,2016-01-30-58,0.478205196256
53,2016-01-30-58,0.411605441631
54,2016-01-30-58,0.478205196256
55,2016-01-30-58,0.478205196256
56,2016-01-30-58,0.478205196256
57,2016-01-30-58,0.478205196256
58,2016-01-30-58,2.77286638862
59,2016-01-30-58,0.478205196256
60,2016-01-30-58,1.55893603781
61,2016-01-30-58,0.478205196256
62,2016-01-30-58,2.17346859699
63,2016-01-30-58,0.478205196256
64,2016-01-30-58,0.278405932381
65,2016-01-30-58,0.478205196256
66,2016-01-30-58,0.478205196256
1,2016-01-30-70,0.345005687006
2,2016-01-30-70,1.62553579244
3,2016-01-30-70,0.316965610177
4,2016-01-30-70,5.31163470701
5,2016-01-30-70,0.250365855552
6,2016-01-30-70,3.07543937661
7,2016-01-30-70,30.3936583497
8,2016-01-30-70,189.602759378
9,2016-01-30-70,1.99470853505
10,2016-01-30-70,5.77783298938
11,2016-01-30-70,1.46429620636
12,2016-01-30-70,3.8722507238
13,2016-01-30-70,4.83968824028
14,2016-01-30-70,18.5606859012
15,2016-01-30-70,0.478205196256
16,2016-01-30-70,1.16985711103
17,2016-01-30-70,2.15594812113
18,2016-01-30-70,2.58120101741
19,2016-01-30-70,0.0505665916776
20,2016-01-30-70,35.8910952939
21,2016-01-30-70,0.808818261076
22,2016-01-30-70,13.464376098
23,2016-01-30-70,114.970705741
24,2016-01-30-70,50.1399999025
25,2016-01-30-70,1.55893603781
26,2016-01-30-70,15.9881293216
27,2016-01-30-70,3.94459866279
28,2016-01-30-70,7.17052340213
29,2016-01-30-70,16.6903008374
30,2016-01-30-70,0.345005687006
31,2016-01-30-70,1.05531109541
32,2016-01-30-70,2.45038721646
33,2016-01-30-70,1.62553579244
34,2016-01-30-70,1.62553579244
35,2016-01-30-70,3.85359723017
36,2016-01-30-70,0.478205196256
37,2016-01-30-70,156.980141195
38,2016-01-30-70,3.46451830339
39,2016-01-30-70,0.478205196256
40,2016-01-30-70,6.8784700151
41,2016-01-30-70,3.29275911635
42,2016-01-30-70,15.7029571367
43,2016-01-30-70,3.85359723017
44,2016-01-30-70,0.478205196256
45,2016-01-30-70,1.62553579244
46,2016-01-30-70,84.8772299479
47,2016-01-30-70,4.33606329787
48,2016-01-30-70,5.32915518287
49,2016-01-30-70,0.316965610177
50,2016-01-30-70,0.316965610177
51,2016-01-30-70,5.566261434
52,2016-01-30-70,0.155726024098
53,2016-01-30-70,2.45038721646
54,2016-01-30-70,0.478205196256
55,2016-01-30-70,0.478205196256
56,2016-01-30-70,2.54502704791
57,2016-01-30-70,1.62553579244
58,2016-01-30-70,0.411605441631
59,2016-01-30-70,0.478205196256
60,2016-01-30-70,0.478205196256
61,2016-01-30-70,0.211806177757
62,2016-01-30-70,2.57306712474
63,2016-01-30-70,0.478205196256
64,2016-01-30-70,0.478205196256
65,2016-01-30-70,1.39769645173
66,2016-01-30-70,0.478205196256
1,2016-01-30-82,6.41227173273
2,2016-01-30-82,1.55893603781
3,2016-01-30-82,1.03665760178
4,2016-01-30-82,7.28381672721
5,2016-01-30-82,5.892379005
6,2016-01-30-82,-0.622431829467
7,2016-01-30-82,70.7755265984
8,2016-01-30-82,217.487252149
9,2016-01-30-82,3.58719821167
10,2016-01-30-82,2.41182753866
11,2016-01-30-82,3.20863888586
12,2016-01-30-82,2.22254787576
13,2016-01-30-82,0.278405932381
14,2016-01-30-82,60.9966635196
15,2016-01-30-82,0.478205196256
16,2016-01-30-82,7.98724093349
17,2016-01-30-82,0.478205196256
18,2016-01-30-82,0.183766100927
19,2016-01-30-82,0.316965610177
20,2016-01-30-82,29.9055637704
21,2016-01-30-82,3.39553284046
22,2016-01-30-82,13.0765498618
23,2016-01-30-82,192.577383289
24,2016-01-30-82,71.168243924
25,2016-01-30-82,1.46429620636
26,2016-01-30-82,31.5914405879
27,2016-01-30-82,9.30844050223
28,2016-01-30-82,16.3397815884
29,2016-01-30-82,12.5846972109
30,2016-01-30-82,0.0891262694731
31,2016-01-30-82,2.21202827479
32,2016-01-30-82,0.478205196256
33,2016-01-30-82,1.55893603781
34,2016-01-30-82,0.0505665916776
35,2016-01-30-82,2.18398819796
36,2016-01-30-82,0.155726024098
37,2016-01-30-82,206.289702463
38,2016-01-30-82,1.66170976193
39,2016-01-30-82,0.478205196256
40,2016-01-30-82,2.31718770721
41,2016-01-30-82,3.69235764409
42,2016-01-30-82,24.1209645285
43,2016-01-30-82,0.478205196256
44,2016-01-30-82,2.77286638862
45,2016-01-30-82,0.0225265148483
46,2016-01-30-82,81.8105546819
47,2016-01-30-82,1.6336696851
48,2016-01-30-82,35.5041261526
49,2016-01-30-82,0.316965610177
50,2016-01-30-82,2.45038721646
51,2016-01-30-82,49.8140020042
52,2016-01-30-82,0.478205196256
53,2016-01-30-82,1.5951100073
54,2016-01-30-82,0.411605441631
55,2016-01-30-82,0.478205196256
56,2016-01-30-82,6.21485817716
57,2016-01-30-82,0.155726024098
58,2016-01-30-82,0.155726024098
59,2016-01-30-82,0.0225265148483
60,2016-01-30-82,0.411605441631
61,2016-01-30-82,0.478205196256
62,2016-01-30-82,0.250365855552
63,2016-01-30-82,2.47842729329
64,2016-01-30-82,1.62553579244
65,2016-01-30-82,0.411605441631
66,2016-01-30-82,1.62553579244
1,2016-01-30-94,2.26924144621
2,2016-01-30-94,0.478205196256
3,2016-01-30-94,0.411605441631
4,2016-01-30-94,11.220046875
5,2016-01-30-94,0.478205196256
6,2016-01-30-94,4.06153038671
7,2016-01-30-94,70.2965792567
8,2016-01-30-94,149.127430834
9,2016-01-30-94,1.1032573564
10,2016-01-30-94,-0.16675314806
11,2016-01-30-94,1.39769645173
12,2016-01-30-94,5.85381932721
13,2016-01-30-94,-0.27191258048
14,2016-01-30-94,15.595411996
15,2016-01-30-94,0.478205196256
16,2016-01-30-94,1.49233628319
17,2016-01-30-94,0.478205196256
18,2016-01-30-94,0.345005687006
19,2016-01-30-94,1.1032573564
20,2016-01-30-94,9.17313120747
21,2016-01-30-94,2.72492012762
22,2016-01-30-94,31.158053799
23,2016-01-30-94,126.546785427
24,2016-01-30-94,15.6071842875
25,2016-01-30-94,0.183766100927
26,2016-01-30-94,11.9782985444
27,2016-01-30-94,4.49491717565
28,2016-01-30-94,5.15039512093
29,2016-01-30-94,0.250365855552
30,2016-01-30-94,0.155726024098
31,2016-01-30-94,1.07521727958
32,2016-01-30-94,1.83346894897
33,2016-01-30-94,5.06752758098
34,2016-01-30-94,5.06752758098
35,2016-01-30-94,3.88977119967
36,2016-01-30-94,2.77286638862
37,2016-01-30-94,45.7340527463
38,2016-01-30-94,0.316965610177
39,2016-01-30-94,0.0505665916776
40,2016-01-30-94,1.46429620636
41,2016-01-30-94,0.345005687006
42,2016-01-30-94,8.21508027419
43,2016-01-30-94,0.780778184247
44,2016-01-30-94,0.0891262694731
45,2016-01-30-94,0.478205196256
46,2016-01-30-94,3.72853161359
47,2016-01-30-94,0.345005687006
48,2016-01-30-94,118.321144251
49,2016-01-30-94,0.0505665916776
50,2016-01-30-94,0.478205196256
51,2016-01-30-94,261.312401454
52,2016-01-30-94,0.411605441631
53,2016-01-30-94,-0.00551356198098
54,2016-01-30-94,3.69235764409
55,2016-01-30-94,0.478205196256
56,2016-01-30-94,0.478205196256
57,2016-01-30-94,0.478205196256
58,2016-01-30-94,2.70626663399
59,2016-01-30-94,0.478205196256
60,2016-01-30-94,0.411605441631
61,2016-01-30-94,0.411605441631
62,2016-01-30-94,4.61184889957
63,2016-01-30-94,0.478205196256
64,2016-01-30-94,0.411605441631
65,2016-01-30-94,3.9201969848
66,2016-01-30-94,0.478205196256
1,2016-01-30-106,8.82022625018
2,2016-01-30-106,2.70626663399
3,2016-01-30-106,0.183766100927
4,2016-01-30-106,5.69257974113
5,2016-01-30-106,0.478205196256
6,2016-01-30-106,-0.327992734139
7,2016-01-30-106,33.1417321879
8,2016-01-30-106,18.6974041365
9,2016-01-30-106,3.36987847194
10,2016-01-30-106,1.62553579244
11,2016-01-30-106,2.47842729329
12,2016-01-30-106,6.35619157907
13,2016-01-30-106,2.77286638862
14,2016-01-30-106,22.8428201313
15,2016-01-30-106,1.62553579244
16,2016-01-30-106,0.155726024098
17,2016-01-30-106,1.55893603781
18,2016-01-30-106,0.345005687006
19,2016-01-30-106,6.90651009193
20,2016-01-30-106,0.686138352792
21,2016-01-30-106,4.31740980424
22,2016-01-30-106,7.2484998527
23,2016-01-30-106,23.9012590804
24,2016-01-30-106,6.45083141053
25,2016-01-30-106,2.77286638862
26,2016-01-30-106,8.28168002882
27,2016-01-30-106,8.32598789097
28,2016-01-30-106,21.2117707769
29,2016-01-30-106,1.55893603781
30,2016-01-30-106,1.62553579244
31,2016-01-30-106,8.08188076494
32,2016-01-30-106,0.478205196256
33,2016-01-30-106,-0.110672994401
34,2016-01-30-106,1.30305662028
35,2016-01-30-106,0.478205196256
36,2016-01-30-106,1.39769645173
37,2016-01-30-106,10.5820894055
38,2016-01-30-106,-0.527791998013
39,2016-01-30-106,0.478205196256
40,2016-01-30-106,3.62575788947
41,2016-01-30-106,1.62553579244
42,2016-01-30-106,1.09273775544
43,2016-01-30-106,0.155726024098
44,2016-01-30-106,4.6784486542
45,2016-01-30-106,0.345005687006
46,2016-01-30-106,3.00883962198
47,2016-01-30-106,0.411605441631
48,2016-01-30-106,354.749245591
49,2016-01-30-106,0.478205196256
50,2016-01-30-106,0.478205196256
51,2016-01-30-106,196.891813744
52,2016-01-30-106,0.478205196256
53,2016-01-30-106,0.0891262694731
54,2016-01-30-106,-0.0721133166058
55,2016-01-30-106,0.478205196256
56,2016-01-30-106,-0.366552411934
57,2016-01-30-106,1.62553579244
58,2016-01-30-106,-0.00551356198098
59,2016-01-30-106,2.77286638862
60,2016-01-30-106,0.316965610177
61,2016-01-30-106,1.62553579244
62,2016-01-30-106,1.30305662028
63,2016-01-30-106,0.411605441631
64,2016-01-30-106,1.62553579244
65,2016-01-30-106,0.478205196256
66,2016-01-30-106,2.77286638862
1,2016-01-30-118,8.98146583625
2,2016-01-30-118,1.62553579244
3,2016-01-30-118,1.39769645173
4,2016-01-30-118,3.10347945344
5,2016-01-30-118,0.478205196256
6,2016-01-30-118,2.61162680254
7,2016-01-30-118,6.12835223837
8,2016-01-30-118,8.52578715485
9,2016-01-30-118,1.00861752495
10,2016-01-30-118,0.316965610177
11,2016-01-30-118,2.1279080443
12,2016-01-30-118,0.90345809253
13,2016-01-30-118,0.316965610177
14,2016-01-30-118,4.9062879949
15,2016-01-30-118,0.478205196256
16,2016-01-30-118,0.316965610177
17,2016-01-30-118,0.316965610177
18,2016-01-30-118,1.55893603781
19,2016-01-30-118,1.88954910263
20,2016-01-30-118,3.06491977564
21,2016-01-30-118,4.93432807173
22,2016-01-30-118,15.4915052541
23,2016-01-30-118,6.39236554856
24,2016-01-30-118,6.4227913337
25,2016-01-30-118,2.22254787576
26,2016-01-30-118,-0.225219010023
27,2016-01-30-118,7.3679369577
28,2016-01-30-118,6.30824531808
29,2016-01-30-118,2.41182753866
30,2016-01-30-118,1.62553579244
31,2016-01-30-118,1.30305662028
32,2016-01-30-118,1.16985711103
33,2016-01-30-118,0.411605441631
34,2016-01-30-118,2.61162680254
35,2016-01-30-118,1.06469767861
36,2016-01-30-118,2.61162680254
37,2016-01-30-118,0.788912076909
38,2016-01-30-118,1.30305662028
39,2016-01-30-118,0.478205196256
40,2016-01-30-118,0.847377938871
41,2016-01-30-118,2.61162680254
42,2016-01-30-118,3.49255838022
43,2016-01-30-118,-0.29995265731
44,2016-01-30-118,0.478205196256
45,2016-01-30-118,2.77286638862
46,2016-01-30-118,-0.983470679421
47,2016-01-30-118,3.85359723017
48,2016-01-30-118,7.79557556228
49,2016-01-30-118,2.70626663399
50,2016-01-30-118,0.478205196256
51,2016-01-30-118,16.877194792
52,2016-01-30-118,0.478205196256
53,2016-01-30-118,0.478205196256
54,2016-01-30-118,1.46429620636
55,2016-01-30-118,-0.149232672197
56,2016-01-30-118,3.43647822656
57,2016-01-30-118,0.411605441631
58,2016-01-30-118,1.62553579244
59,2016-01-30-118,0.478205196256
60,2016-01-30-118,0.478205196256
61,2016-01-30-118,0.478205196256
62,2016-01-30-118,0.478205196256
63,2016-01-30-118,0.478205196256
64,2016-01-30-118,0.316965610177
65,2016-01-30-118,3.53111805802
66,2016-01-30-118,0.478205196256
1,2016-01-30-130,11.4572727989
2,2016-01-30-130,1.55893603781
3,2016-01-30-130,5.06752758098
4,2016-01-30-130,2.3439750935
5,2016-01-30-130,0.478205196256
6,2016-01-30-130,0.316965610177
7,2016-01-30-130,34.7574074292
8,2016-01-30-130,33.099810034
9,2016-01-30-130,0.183766100927
10,2016-01-30-130,2.63966687937
11,2016-01-30-130,0.278405932381
12,2016-01-30-130,3.63389178213
13,2016-01-30-130,2.70626663399
14,2016-01-30-130,6.43092522636
15,2016-01-30-130,0.478205196256
16,2016-01-30-130,0.316965610177
17,2016-01-30-130,0.478205196256
18,2016-01-30-130,0.411605441631
19,2016-01-30-130,1.49233628319
20,2016-01-30-130,5.98701883646
21,2016-01-30-130,1.99470853505
22,2016-01-30-130,20.1660808871
23,2016-01-30-130,27.4683164856
24,2016-01-30-130,5.69257974113
25,2016-01-30-130,0.478205196256
26,2016-01-30-130,5.55938023188
27,2016-01-30-130,9.67311775103
28,2016-01-30-130,13.5577632389
29,2016-01-30-130,4.9062879949
30,2016-01-30-130,1.62315008413
31,2016-01-30-130,0.478205196256
32,2016-01-30-130,0.478205196256
33,2016-01-30-130,1.62553579244
34,2016-01-30-130,0.250365855552
35,2016-01-30-130,0.478205196256
36,2016-01-30-130,0.411605441631
37,2016-01-30-130,9.57034402691
38,2016-01-30-130,5.00092782635
39,2016-01-30-130,2.47842729329
40,2016-01-30-130,1.62553579244
41,2016-01-30-130,1.55893603781
42,2016-01-30-130,3.6537979663
43,2016-01-30-130,2.61162680254
44,2016-01-30-130,0.478205196256
45,2016-01-30-130,0.478205196256
46,2016-01-30-130,6.64011107343
47,2016-01-30-130,0.913977693496
48,2016-01-30-130,88.0589664978
49,2016-01-30-130,2.77286638862
50,2016-01-30-130,1.62553579244
51,2016-01-30-130,1017.23379546
52,2016-01-30-130,0.411605441631
53,2016-01-30-130,1.46429620636
54,2016-01-30-130,0.478205196256
55,2016-01-30-130,0.478205196256
56,2016-01-30-130,3.36987847194
57,2016-01-30-130,1.55893603781
58,2016-01-30-130,0.478205196256
59,2016-01-30-130,0.411605441631
60,2016-01-30-130,10.3204618036
61,2016-01-30-130,1.23645686565
62,2016-01-30-130,2.47842729329
63,2016-01-30-130,0.478205196256
64,2016-01-30-130,0.345005687006
65,2016-01-30-130,1.49233628319
66,2016-01-30-130,0.411605441631
1,2016-01-30-142,14.045120396
2,2016-01-30-142,0.478205196256
3,2016-01-30-142,0.411605441631
4,2016-01-30-142,1.13129743323
5,2016-01-30-142,0.478205196256
6,2016-01-30-142,6.21485817716
7,2016-01-30-142,4.98102164219
8,2016-01-30-142,8.6204269863
9,2016-01-30-142,2.54502704791
10,2016-01-30-142,0.478205196256
11,2016-01-30-142,0.250365855552
12,2016-01-30-142,8.61229309364
13,2016-01-30-142,0.411605441631
14,2016-01-30-142,4.74504840882
15,2016-01-30-142,0.478205196256
16,2016-01-30-142,0.183766100927
17,2016-01-30-142,1.30305662028
18,2016-01-30-142,2.22254787576
19,2016-01-30-142,1.00861752495
20,2016-01-30-142,2.63028029617
21,2016-01-30-142,1.1418170342
22,2016-01-30-142,25.5440807263
23,2016-01-30-142,22.3299282785
24,2016-01-30-142,2.30666810624
25,2016-01-30-142,2.02274861188
26,2016-01-30-142,0.411605441631
27,2016-01-30-142,5.20886098289
28,2016-01-30-142,2.5694287259
29,2016-01-30-142,1.42573652856
30,2016-01-30-142,0.478205196256
31,2016-01-30-142,1.39769645173
32,2016-01-30-142,0.478205196256
33,2016-01-30-142,1.39769645173
34,2016-01-30-142,1.1032573564
35,2016-01-30-142,1.39769645173
36,2016-01-30-142,0.478205196256
37,2016-01-30-142,3.99493063209
38,2016-01-30-142,1.33109669711
39,2016-01-30-142,2.70626663399
40,2016-01-30-142,1.55893603781
41,2016-01-30-142,2.61162680254
42,2016-01-30-142,1.62553579244
43,2016-01-30-142,0.478205196256
44,2016-01-30-142,1.62553579244
45,2016-01-30-142,2.77286638862
46,2016-01-30-142,4.54524914495
47,2016-01-30-142,4.74504840882
48,2016-01-30-142,8.12493593656
49,2016-01-30-142,0.155726024098
50,2016-01-30-142,0.316965610177
51,2016-01-30-142,232.639812401
52,2016-01-30-142,0.155726024098
53,2016-01-30-142,1.46429620636
54,2016-01-30-142,0.211806177757
55,2016-01-30-142,-0.29995265731
56,2016-01-30-142,1.62553579244
57,2016-01-30-142,1.62553579244
58,2016-01-30-142,1.55893603781
59,2016-01-30-142,0.478205196256
60,2016-01-30-142,0.478205196256
61,2016-01-30-142,0.478205196256
62,2016-01-30-142,0.478205196256
63,2016-01-30-142,0.411605441631
64,2016-01-30-142,2.61162680254
65,2016-01-30-142,1.62553579244
66,2016-01-30-142,0.250365855552
